{
"type": "FeatureCollection",
"name": "hyderabad_metro_stations",
"crs": { "type": "name", "properties": { "name": "urn:ogc:def:crs:OGC:1.3:CRS84" } },
"features": [
{ "type": "Feature", "properties": { "fid": 1, "full_id": "n289582025", "osm_id": "289582025", "osm_type": "node", "railway": "station", "name:ta": null, "internet_access:ssid": null, "addr:place:ur": null, "addr:place:ar": null, "addr:place": null, "addr:city:ur": null, "addr:city:ar": null, "toilets": null, "internet_access:fee": null, "shelter": null, "lit": null, "website": null, "layer": null, "public_transport:version": null, "name:kn": null, "alt_name": null, "IR:zone": null, "name:hi": null, "toilets:wheelchair": null, "addr:street": null, "addr:postcode": null, "addr:district": null, "addr:city": null, "disused:railway": null, "subway": null, "station": null, "disused": null, "construction": null, "name:ml": null, "historic": null, "name:ar": null, "alt_name:ur": null, "wheelchair": null, "name:fa": null, "wikipedia": "en:Khairatabad railway station", "wikidata": "Q6399082", "train": "yes", "ref": "KQD", "public_transport": "station", "platforms": "2", "operator": "SCR", "network": "IR", "name:ur": "خیرت آباد", "name:te": "ఖైరతాబాద్", "name": "Khairatabad", "internet_access": "no" }, "geometry": { "type": "Point", "coordinates": [ 78.4610582, 17.4129744 ] } },
{ "type": "Feature", "properties": { "fid": 2, "full_id": "n289582401", "osm_id": "289582401", "osm_type": "node", "railway": "station", "name:ta": null, "internet_access:ssid": null, "addr:place:ur": null, "addr:place:ar": null, "addr:place": null, "addr:city:ur": null, "addr:city:ar": null, "toilets": null, "internet_access:fee": null, "shelter": null, "lit": null, "website": null, "layer": null, "public_transport:version": null, "name:kn": null, "alt_name": null, "IR:zone": null, "name:hi": null, "toilets:wheelchair": null, "addr:street": null, "addr:postcode": null, "addr:district": null, "addr:city": null, "disused:railway": null, "subway": null, "station": null, "disused": null, "construction": null, "name:ml": null, "historic": null, "name:ar": null, "alt_name:ur": null, "wheelchair": null, "name:fa": null, "wikipedia": "en:Necklace Road railway station", "wikidata": "Q6985575", "train": "yes", "ref": "NLRD", "public_transport": "station", "platforms": "2", "operator": "SCR", "network": "IR", "name:ur": "نکلیس روڈ", "name:te": "నెక్లెస్ రోడ్డు", "name": "Necklace Road", "internet_access": "no" }, "geometry": { "type": "Point", "coordinates": [ 78.4631857, 17.4233355 ] } },
{ "type": "Feature", "properties": { "fid": 3, "full_id": "n289656763", "osm_id": "289656763", "osm_type": "node", "railway": "station", "name:ta": null, "internet_access:ssid": null, "addr:place:ur": null, "addr:place:ar": null, "addr:place": null, "addr:city:ur": null, "addr:city:ar": null, "toilets": null, "internet_access:fee": null, "shelter": null, "lit": null, "website": null, "layer": null, "public_transport:version": null, "name:kn": null, "alt_name": null, "IR:zone": null, "name:hi": null, "toilets:wheelchair": null, "addr:street": null, "addr:postcode": null, "addr:district": null, "addr:city": null, "disused:railway": null, "subway": null, "station": null, "disused": null, "construction": null, "name:ml": null, "historic": null, "name:ar": null, "alt_name:ur": null, "wheelchair": "limited", "name:fa": "حیدرآباد دکن", "wikipedia": "en:Hyderabad Deccan railway station", "wikidata": "Q3633967", "train": "yes", "ref": "HYB", "public_transport": null, "platforms": "6", "operator": "SCR", "network": "IR", "name:ur": "حیدرآباد دکن", "name:te": "హైదరాబాద్ దక్కన్ నాంపల్లి", "name": "Hyderabad Deccan Nampally", "internet_access": "no" }, "geometry": { "type": "Point", "coordinates": [ 78.4675956, 17.3924223 ] } },
{ "type": "Feature", "properties": { "fid": 4, "full_id": "n307015337", "osm_id": "307015337", "osm_type": "node", "railway": "station", "name:ta": null, "internet_access:ssid": null, "addr:place:ur": null, "addr:place:ar": null, "addr:place": null, "addr:city:ur": null, "addr:city:ar": null, "toilets": null, "internet_access:fee": null, "shelter": null, "lit": null, "website": null, "layer": null, "public_transport:version": null, "name:kn": null, "alt_name": null, "IR:zone": null, "name:hi": null, "toilets:wheelchair": null, "addr:street": null, "addr:postcode": null, "addr:district": null, "addr:city": null, "disused:railway": null, "subway": null, "station": null, "disused": null, "construction": null, "name:ml": null, "historic": null, "name:ar": "مالك بيت", "alt_name:ur": "ملک پیٹ", "wheelchair": null, "name:fa": "ملک پیت", "wikipedia": "en:Malakpet railway station", "wikidata": "Q6741191", "train": "yes", "ref": "MXT", "public_transport": "station", "platforms": "2", "operator": "SCR", "network": "IR", "name:ur": "مالک پیٹ", "name:te": null, "name": "Malakpet", "internet_access": "no" }, "geometry": { "type": "Point", "coordinates": [ 78.4948263, 17.3765035 ] } },
{ "type": "Feature", "properties": { "fid": 5, "full_id": "n307023348", "osm_id": "307023348", "osm_type": "node", "railway": "station", "name:ta": null, "internet_access:ssid": null, "addr:place:ur": null, "addr:place:ar": null, "addr:place": null, "addr:city:ur": null, "addr:city:ar": null, "toilets": null, "internet_access:fee": null, "shelter": null, "lit": null, "website": null, "layer": null, "public_transport:version": null, "name:kn": null, "alt_name": null, "IR:zone": null, "name:hi": null, "toilets:wheelchair": null, "addr:street": null, "addr:postcode": null, "addr:district": null, "addr:city": null, "disused:railway": null, "subway": null, "station": null, "disused": null, "construction": null, "name:ml": "കാച്ചിഗുഡ", "historic": "yes", "name:ar": null, "alt_name:ur": null, "wheelchair": null, "name:fa": null, "wikipedia": "en:Kacheguda railway station", "wikidata": "Q6344674", "train": "yes", "ref": "KCG", "public_transport": "station", "platforms": null, "operator": "SCR", "network": "IR", "name:ur": "کاچی گوڑہ", "name:te": "కాచిగూడ", "name": "Kacheguda", "internet_access": "wlan" }, "geometry": { "type": "Point", "coordinates": [ 78.4992403, 17.389311 ] } },
{ "type": "Feature", "properties": { "fid": 6, "full_id": "n308937020", "osm_id": "308937020", "osm_type": "node", "railway": "station", "name:ta": null, "internet_access:ssid": null, "addr:place:ur": null, "addr:place:ar": null, "addr:place": null, "addr:city:ur": null, "addr:city:ar": null, "toilets": null, "internet_access:fee": null, "shelter": null, "lit": null, "website": null, "layer": null, "public_transport:version": null, "name:kn": null, "alt_name": null, "IR:zone": null, "name:hi": null, "toilets:wheelchair": null, "addr:street": null, "addr:postcode": null, "addr:district": null, "addr:city": null, "disused:railway": null, "subway": null, "station": null, "disused": null, "construction": null, "name:ml": null, "historic": null, "name:ar": null, "alt_name:ur": null, "wheelchair": null, "name:fa": "مولا علی", "wikipedia": "en:Moula Ali railway station", "wikidata": "Q62004881", "train": "yes", "ref": "MLY", "public_transport": "station", "platforms": null, "operator": "SCR", "network": "IR", "name:ur": "مولا علی", "name:te": "మౌలా అలి", "name": "Moula Ali", "internet_access": "no" }, "geometry": { "type": "Point", "coordinates": [ 78.5506697, 17.4407394 ] } },
{ "type": "Feature", "properties": { "fid": 7, "full_id": "n343319245", "osm_id": "343319245", "osm_type": "node", "railway": "station", "name:ta": null, "internet_access:ssid": null, "addr:place:ur": null, "addr:place:ar": null, "addr:place": null, "addr:city:ur": null, "addr:city:ar": null, "toilets": null, "internet_access:fee": null, "shelter": null, "lit": null, "website": null, "layer": null, "public_transport:version": null, "name:kn": null, "alt_name": null, "IR:zone": null, "name:hi": null, "toilets:wheelchair": null, "addr:street": null, "addr:postcode": null, "addr:district": null, "addr:city": null, "disused:railway": null, "subway": null, "station": null, "disused": null, "construction": null, "name:ml": null, "historic": null, "name:ar": null, "alt_name:ur": null, "wheelchair": null, "name:fa": null, "wikipedia": "en:Nature Cure Hospital railway station", "wikidata": "Q6980906", "train": "yes", "ref": "NCHS", "public_transport": "station", "platforms": "2", "operator": "SCR", "network": "IR", "name:ur": null, "name:te": "ప్రకృతి చికిత్సాలయ రైల్వే స్టేషన్", "name": "Nature Cure Hospital", "internet_access": "no" }, "geometry": { "type": "Point", "coordinates": [ 78.4521487, 17.4456571 ] } },
{ "type": "Feature", "properties": { "fid": 8, "full_id": "n343641073", "osm_id": "343641073", "osm_type": "node", "railway": "station", "name:ta": null, "internet_access:ssid": null, "addr:place:ur": null, "addr:place:ar": null, "addr:place": null, "addr:city:ur": null, "addr:city:ar": null, "toilets": null, "internet_access:fee": null, "shelter": null, "lit": null, "website": null, "layer": null, "public_transport:version": null, "name:kn": null, "alt_name": null, "IR:zone": null, "name:hi": null, "toilets:wheelchair": null, "addr:street": null, "addr:postcode": null, "addr:district": null, "addr:city": null, "disused:railway": null, "subway": null, "station": null, "disused": null, "construction": null, "name:ml": null, "historic": null, "name:ar": null, "alt_name:ur": null, "wheelchair": null, "name:fa": null, "wikipedia": "en:Begumpet railway station", "wikidata": "Q4880629", "train": "yes", "ref": "BMT", "public_transport": "station", "platforms": "2", "operator": "SCR", "network": "IR", "name:ur": "بیگم پیٹ", "name:te": "బేగంపేట్", "name": "Begumpet", "internet_access": "no" }, "geometry": { "type": "Point", "coordinates": [ 78.4580969, 17.4386951 ] } },
{ "type": "Feature", "properties": { "fid": 9, "full_id": "n886161862", "osm_id": "886161862", "osm_type": "node", "railway": "station", "name:ta": null, "internet_access:ssid": null, "addr:place:ur": null, "addr:place:ar": null, "addr:place": null, "addr:city:ur": null, "addr:city:ar": null, "toilets": null, "internet_access:fee": null, "shelter": null, "lit": null, "website": null, "layer": null, "public_transport:version": null, "name:kn": null, "alt_name": null, "IR:zone": null, "name:hi": null, "toilets:wheelchair": null, "addr:street": null, "addr:postcode": null, "addr:district": null, "addr:city": null, "disused:railway": null, "subway": null, "station": null, "disused": null, "construction": null, "name:ml": null, "historic": null, "name:ar": null, "alt_name:ur": null, "wheelchair": null, "name:fa": null, "wikipedia": "en:Hafeezpet railway station", "wikidata": "Q5638317", "train": "yes", "ref": "HFZ", "public_transport": "station", "platforms": "2", "operator": "SCR", "network": "IR", "name:ur": null, "name:te": null, "name": "Hafeezpet", "internet_access": "no" }, "geometry": { "type": "Point", "coordinates": [ 78.3630141, 17.4823997 ] } },
{ "type": "Feature", "properties": { "fid": 10, "full_id": "n893170355", "osm_id": "893170355", "osm_type": "node", "railway": "station", "name:ta": null, "internet_access:ssid": null, "addr:place:ur": null, "addr:place:ar": null, "addr:place": null, "addr:city:ur": null, "addr:city:ar": null, "toilets": null, "internet_access:fee": null, "shelter": null, "lit": null, "website": null, "layer": null, "public_transport:version": null, "name:kn": null, "alt_name": null, "IR:zone": null, "name:hi": null, "toilets:wheelchair": null, "addr:street": null, "addr:postcode": null, "addr:district": null, "addr:city": null, "disused:railway": null, "subway": null, "station": null, "disused": null, "construction": null, "name:ml": null, "historic": null, "name:ar": null, "alt_name:ur": null, "wheelchair": null, "name:fa": null, "wikipedia": "en:James Street railway station, Hyderabad", "wikidata": "Q6143758", "train": "yes", "ref": "JET", "public_transport": "station", "platforms": "2", "operator": "SCR", "network": "IR", "name:ur": "جیمز اسٹریٹ", "name:te": "జేమ్స్ స్ట్రీట్", "name": "James Street", "internet_access": "no" }, "geometry": { "type": "Point", "coordinates": [ 78.4873218, 17.4329515 ] } },
{ "type": "Feature", "properties": { "fid": 11, "full_id": "n1118754390", "osm_id": "1118754390", "osm_type": "node", "railway": "station", "name:ta": null, "internet_access:ssid": null, "addr:place:ur": null, "addr:place:ar": null, "addr:place": null, "addr:city:ur": null, "addr:city:ar": null, "toilets": null, "internet_access:fee": null, "shelter": null, "lit": null, "website": null, "layer": null, "public_transport:version": null, "name:kn": null, "alt_name": null, "IR:zone": null, "name:hi": null, "toilets:wheelchair": null, "addr:street": null, "addr:postcode": null, "addr:district": null, "addr:city": null, "disused:railway": null, "subway": null, "station": null, "disused": null, "construction": null, "name:ml": null, "historic": null, "name:ar": null, "alt_name:ur": "فلک نما", "wheelchair": null, "name:fa": "فلک نما", "wikipedia": "en:Falaknuma railway station", "wikidata": "Q5431641", "train": "yes", "ref": "FM", "public_transport": "station", "platforms": null, "operator": "SCR", "network": "IR", "name:ur": "فلک نماء", "name:te": null, "name": "Falaknuma", "internet_access": "no" }, "geometry": { "type": "Point", "coordinates": [ 78.4751984, 17.3326604 ] } },
{ "type": "Feature", "properties": { "fid": 12, "full_id": "n1118754593", "osm_id": "1118754593", "osm_type": "node", "railway": "station", "name:ta": null, "internet_access:ssid": null, "addr:place:ur": null, "addr:place:ar": null, "addr:place": null, "addr:city:ur": null, "addr:city:ar": null, "toilets": null, "internet_access:fee": null, "shelter": null, "lit": null, "website": null, "layer": null, "public_transport:version": null, "name:kn": null, "alt_name": null, "IR:zone": null, "name:hi": null, "toilets:wheelchair": null, "addr:street": null, "addr:postcode": null, "addr:district": null, "addr:city": null, "disused:railway": null, "subway": "yes", "station": "subway", "disused": "yes", "construction": "station", "name:ml": null, "historic": null, "name:ar": null, "alt_name:ur": null, "wheelchair": null, "name:fa": null, "wikipedia": null, "wikidata": null, "train": null, "ref": null, "public_transport": null, "platforms": null, "operator": "Hyderabad Metro Rail Limited", "network": "Hyderabad Metro", "name:ur": null, "name:te": "జంగంమేట", "name": "Jungametta (u/c)", "internet_access": null }, "geometry": { "type": "Point", "coordinates": [ 78.4683887, 17.3353179 ] } },
{ "type": "Feature", "properties": { "fid": 13, "full_id": "n1118754600", "osm_id": "1118754600", "osm_type": "node", "railway": "station", "name:ta": null, "internet_access:ssid": null, "addr:place:ur": null, "addr:place:ar": null, "addr:place": null, "addr:city:ur": null, "addr:city:ar": null, "toilets": null, "internet_access:fee": null, "shelter": null, "lit": null, "website": null, "layer": null, "public_transport:version": null, "name:kn": null, "alt_name": null, "IR:zone": null, "name:hi": null, "toilets:wheelchair": null, "addr:street": null, "addr:postcode": null, "addr:district": null, "addr:city": null, "disused:railway": null, "subway": "yes", "station": "subway", "disused": "yes", "construction": "station", "name:ml": null, "historic": null, "name:ar": null, "alt_name:ur": null, "wheelchair": null, "name:fa": null, "wikipedia": null, "wikidata": null, "train": null, "ref": null, "public_transport": null, "platforms": null, "operator": "Hyderabad Metro Rail Limited", "network": "Hyderabad Metro", "name:ur": null, "name:te": "చార్మినార్", "name": "Charminar (u/c)", "internet_access": null }, "geometry": { "type": "Point", "coordinates": [ 78.4799909, 17.3619252 ] } },
{ "type": "Feature", "properties": { "fid": 14, "full_id": "n1118754617", "osm_id": "1118754617", "osm_type": "node", "railway": "station", "name:ta": null, "internet_access:ssid": null, "addr:place:ur": null, "addr:place:ar": null, "addr:place": null, "addr:city:ur": null, "addr:city:ar": null, "toilets": null, "internet_access:fee": null, "shelter": null, "lit": null, "website": null, "layer": null, "public_transport:version": null, "name:kn": null, "alt_name": null, "IR:zone": null, "name:hi": null, "toilets:wheelchair": null, "addr:street": null, "addr:postcode": null, "addr:district": null, "addr:city": null, "disused:railway": "station", "subway": "yes", "station": "subway", "disused": null, "construction": "station", "name:ml": null, "historic": null, "name:ar": null, "alt_name:ur": null, "wheelchair": null, "name:fa": null, "wikipedia": null, "wikidata": null, "train": null, "ref": null, "public_transport": "station", "platforms": null, "operator": "Hyderabad Metro Rail Limited", "network": "Hyderabad Metro", "name:ur": null, "name:te": "షంషేర్గంజ్", "name": "Shamserganj (u/c)", "internet_access": null }, "geometry": { "type": "Point", "coordinates": [ 78.4683869, 17.3408101 ] } },
{ "type": "Feature", "properties": { "fid": 15, "full_id": "n1118754623", "osm_id": "1118754623", "osm_type": "node", "railway": "station", "name:ta": null, "internet_access:ssid": null, "addr:place:ur": null, "addr:place:ar": null, "addr:place": null, "addr:city:ur": null, "addr:city:ar": null, "toilets": null, "internet_access:fee": null, "shelter": null, "lit": null, "website": null, "layer": null, "public_transport:version": null, "name:kn": null, "alt_name": null, "IR:zone": null, "name:hi": null, "toilets:wheelchair": null, "addr:street": "Shah Ali Banda", "addr:postcode": "500065", "addr:district": "Hyderabad", "addr:city": "Hyderabad", "disused:railway": "station", "subway": "yes", "station": "subway", "disused": null, "construction": "station", "name:ml": null, "historic": null, "name:ar": null, "alt_name:ur": null, "wheelchair": null, "name:fa": null, "wikipedia": null, "wikidata": null, "train": null, "ref": null, "public_transport": "station", "platforms": null, "operator": "Hyderabad Metro Rail Limited", "network": "Hyderabad Metro", "name:ur": "شاہ علی بندہ", "name:te": "షా అలీ బండా", "name": "Shah Ali Banda (u/c)", "internet_access": null }, "geometry": { "type": "Point", "coordinates": [ 78.4723504, 17.3507744 ] } },
{ "type": "Feature", "properties": { "fid": 16, "full_id": "n1118754666", "osm_id": "1118754666", "osm_type": "node", "railway": "station", "name:ta": null, "internet_access:ssid": null, "addr:place:ur": null, "addr:place:ar": null, "addr:place": null, "addr:city:ur": null, "addr:city:ar": null, "toilets": null, "internet_access:fee": null, "shelter": null, "lit": null, "website": null, "layer": null, "public_transport:version": null, "name:kn": null, "alt_name": null, "IR:zone": null, "name:hi": null, "toilets:wheelchair": null, "addr:street": null, "addr:postcode": null, "addr:district": null, "addr:city": null, "disused:railway": null, "subway": "yes", "station": "subway", "disused": "yes", "construction": "station", "name:ml": null, "historic": null, "name:ar": null, "alt_name:ur": null, "wheelchair": null, "name:fa": null, "wikipedia": null, "wikidata": null, "train": null, "ref": null, "public_transport": null, "platforms": null, "operator": "Hyderabad Metro Rail Limited", "network": "Hyderabad Metro", "name:ur": null, "name:te": "ఫలక్నుమా టెర్మినల్", "name": "Falaknuma Terminal (u/c)", "internet_access": null }, "geometry": { "type": "Point", "coordinates": [ 78.4699981, 17.3317141 ] } },
{ "type": "Feature", "properties": { "fid": 17, "full_id": "n1118754671", "osm_id": "1118754671", "osm_type": "node", "railway": "station", "name:ta": null, "internet_access:ssid": null, "addr:place:ur": null, "addr:place:ar": null, "addr:place": null, "addr:city:ur": null, "addr:city:ar": null, "toilets": null, "internet_access:fee": null, "shelter": null, "lit": null, "website": null, "layer": null, "public_transport:version": null, "name:kn": null, "alt_name": null, "IR:zone": null, "name:hi": null, "toilets:wheelchair": null, "addr:street": null, "addr:postcode": null, "addr:district": null, "addr:city": null, "disused:railway": null, "subway": "yes", "station": "subway", "disused": "yes", "construction": "station", "name:ml": null, "historic": null, "name:ar": null, "alt_name:ur": null, "wheelchair": null, "name:fa": null, "wikipedia": null, "wikidata": null, "train": null, "ref": null, "public_transport": null, "platforms": null, "operator": "Hyderabad Metro Rail Limited", "network": "Hyderabad Metro", "name:ur": null, "name:te": "సాలార్ జంగ్ మ్యూజియం", "name": "Salar Jung Museum (u/c)", "internet_access": null }, "geometry": { "type": "Point", "coordinates": [ 78.4822609, 17.3717823 ] } },
{ "type": "Feature", "properties": { "fid": 18, "full_id": "n1215788873", "osm_id": "1215788873", "osm_type": "node", "railway": "station", "name:ta": null, "internet_access:ssid": null, "addr:place:ur": null, "addr:place:ar": null, "addr:place": null, "addr:city:ur": null, "addr:city:ar": null, "toilets": null, "internet_access:fee": null, "shelter": null, "lit": null, "website": null, "layer": null, "public_transport:version": null, "name:kn": null, "alt_name": null, "IR:zone": null, "name:hi": null, "toilets:wheelchair": "no", "addr:street": null, "addr:postcode": null, "addr:district": null, "addr:city": null, "disused:railway": null, "subway": null, "station": null, "disused": null, "construction": null, "name:ml": null, "historic": null, "name:ar": null, "alt_name:ur": null, "wheelchair": "limited", "name:fa": null, "wikipedia": "en:Chanda Nagar railway station", "wikidata": "Q5070904", "train": "yes", "ref": "CDNR", "public_transport": "station", "platforms": "2", "operator": "SCR", "network": "IR", "name:ur": null, "name:te": null, "name": "Chandanagar", "internet_access": "no" }, "geometry": { "type": "Point", "coordinates": [ 78.3322142, 17.4872976 ] } },
{ "type": "Feature", "properties": { "fid": 19, "full_id": "n1425916857", "osm_id": "1425916857", "osm_type": "node", "railway": "station", "name:ta": null, "internet_access:ssid": null, "addr:place:ur": null, "addr:place:ar": null, "addr:place": null, "addr:city:ur": null, "addr:city:ar": null, "toilets": null, "internet_access:fee": null, "shelter": null, "lit": null, "website": null, "layer": null, "public_transport:version": null, "name:kn": null, "alt_name": null, "IR:zone": null, "name:hi": null, "toilets:wheelchair": null, "addr:street": null, "addr:postcode": null, "addr:district": null, "addr:city": null, "disused:railway": null, "subway": null, "station": null, "disused": null, "construction": null, "name:ml": null, "historic": null, "name:ar": null, "alt_name:ur": null, "wheelchair": "no", "name:fa": null, "wikipedia": "en:HITEC City railway station", "wikidata": "Q5871886", "train": "yes", "ref": "HTCY", "public_transport": "station", "platforms": "2", "operator": "SCR", "network": "IR", "name:ur": null, "name:te": null, "name": "HITEC City", "internet_access": "no" }, "geometry": { "type": "Point", "coordinates": [ 78.3853779, 17.4698143 ] } },
{ "type": "Feature", "properties": { "fid": 20, "full_id": "n1435161923", "osm_id": "1435161923", "osm_type": "node", "railway": "station", "name:ta": null, "internet_access:ssid": null, "addr:place:ur": null, "addr:place:ar": null, "addr:place": null, "addr:city:ur": null, "addr:city:ar": null, "toilets": null, "internet_access:fee": null, "shelter": null, "lit": null, "website": null, "layer": null, "public_transport:version": null, "name:kn": null, "alt_name": null, "IR:zone": null, "name:hi": "बीबीनगर", "toilets:wheelchair": null, "addr:street": null, "addr:postcode": null, "addr:district": null, "addr:city": null, "disused:railway": null, "subway": null, "station": null, "disused": null, "construction": null, "name:ml": null, "historic": null, "name:ar": null, "alt_name:ur": null, "wheelchair": null, "name:fa": null, "wikipedia": "en:Bibinagar railway station", "wikidata": "Q18110598", "train": "yes", "ref": "BN", "public_transport": "station", "platforms": null, "operator": "SCR", "network": "IR", "name:ur": "بی بی نگر", "name:te": "బీబీనగర్", "name": "Bibinagar", "internet_access": "no" }, "geometry": { "type": "Point", "coordinates": [ 78.7947045, 17.4707419 ] } },
{ "type": "Feature", "properties": { "fid": 21, "full_id": "n1435162002", "osm_id": "1435162002", "osm_type": "node", "railway": "station", "name:ta": null, "internet_access:ssid": null, "addr:place:ur": null, "addr:place:ar": null, "addr:place": null, "addr:city:ur": null, "addr:city:ar": null, "toilets": null, "internet_access:fee": null, "shelter": null, "lit": null, "website": null, "layer": null, "public_transport:version": null, "name:kn": null, "alt_name": null, "IR:zone": "SCR:", "name:hi": null, "toilets:wheelchair": null, "addr:street": null, "addr:postcode": null, "addr:district": null, "addr:city": null, "disused:railway": null, "subway": null, "station": null, "disused": null, "construction": null, "name:ml": null, "historic": null, "name:ar": null, "alt_name:ur": null, "wheelchair": null, "name:fa": null, "wikipedia": "en:Cavalry Barracks railway station", "wikidata": "Q5054809", "train": "yes", "ref": "CVB", "public_transport": "station", "platforms": null, "operator": "SCR", "network": "IR", "name:ur": null, "name:te": "కెవలరి బ్యారక్స్", "name": "Cavalry Barracks", "internet_access": "no" }, "geometry": { "type": "Point", "coordinates": [ 78.519068, 17.4953503 ] } },
{ "type": "Feature", "properties": { "fid": 22, "full_id": "n1435327658", "osm_id": "1435327658", "osm_type": "node", "railway": "station", "name:ta": null, "internet_access:ssid": null, "addr:place:ur": null, "addr:place:ar": null, "addr:place": null, "addr:city:ur": null, "addr:city:ar": null, "toilets": null, "internet_access:fee": null, "shelter": null, "lit": null, "website": null, "layer": null, "public_transport:version": null, "name:kn": null, "alt_name": null, "IR:zone": null, "name:hi": null, "toilets:wheelchair": null, "addr:street": null, "addr:postcode": null, "addr:district": null, "addr:city": null, "disused:railway": null, "subway": null, "station": null, "disused": null, "construction": null, "name:ml": null, "historic": null, "name:ar": null, "alt_name:ur": null, "wheelchair": null, "name:fa": null, "wikipedia": "en:Malkajgiri railway station", "wikidata": "Q6743861", "train": "yes", "ref": "MJF", "public_transport": "station", "platforms": null, "operator": "SCR", "network": "IR", "name:ur": "ملکا جگری", "name:te": "మల్కాజిగిరి", "name": "Malkajgiri", "internet_access": "no" }, "geometry": { "type": "Point", "coordinates": [ 78.5289727, 17.4483438 ] } },
{ "type": "Feature", "properties": { "fid": 23, "full_id": "n1437208985", "osm_id": "1437208985", "osm_type": "node", "railway": "station", "name:ta": null, "internet_access:ssid": null, "addr:place:ur": null, "addr:place:ar": null, "addr:place": null, "addr:city:ur": null, "addr:city:ar": null, "toilets": null, "internet_access:fee": null, "shelter": null, "lit": null, "website": null, "layer": null, "public_transport:version": null, "name:kn": null, "alt_name": null, "IR:zone": null, "name:hi": null, "toilets:wheelchair": null, "addr:street": null, "addr:postcode": null, "addr:district": null, "addr:city": null, "disused:railway": null, "subway": null, "station": null, "disused": null, "construction": null, "name:ml": null, "historic": null, "name:ar": null, "alt_name:ur": null, "wheelchair": null, "name:fa": null, "wikipedia": "en:Borabanda railway station", "wikidata": "Q4944267", "train": null, "ref": "BRBD", "public_transport": "station", "platforms": "2", "operator": "SCR", "network": "IR", "name:ur": "بورا بنڈا", "name:te": null, "name": "Borabanda", "internet_access": "no" }, "geometry": { "type": "Point", "coordinates": [ 78.4078664, 17.4590687 ] } },
{ "type": "Feature", "properties": { "fid": 24, "full_id": "n1437209842", "osm_id": "1437209842", "osm_type": "node", "railway": "station", "name:ta": null, "internet_access:ssid": null, "addr:place:ur": null, "addr:place:ar": null, "addr:place": null, "addr:city:ur": null, "addr:city:ar": null, "toilets": null, "internet_access:fee": null, "shelter": null, "lit": null, "website": null, "layer": null, "public_transport:version": null, "name:kn": null, "alt_name": null, "IR:zone": null, "name:hi": null, "toilets:wheelchair": null, "addr:street": null, "addr:postcode": null, "addr:district": null, "addr:city": null, "disused:railway": null, "subway": null, "station": null, "disused": null, "construction": null, "name:ml": null, "historic": null, "name:ar": null, "alt_name:ur": null, "wheelchair": null, "name:fa": null, "wikipedia": "en:Bharat Nagar railway station", "wikidata": "Q4901137", "train": "yes", "ref": "BTNR", "public_transport": "station", "platforms": "3", "operator": "SCR", "network": "IR", "name:ur": null, "name:te": null, "name": "Bharath Nagar", "internet_access": "no" }, "geometry": { "type": "Point", "coordinates": [ 78.4301562, 17.4626026 ] } },
{ "type": "Feature", "properties": { "fid": 25, "full_id": "n1936294138", "osm_id": "1936294138", "osm_type": "node", "railway": "station", "name:ta": null, "internet_access:ssid": null, "addr:place:ur": null, "addr:place:ar": null, "addr:place": null, "addr:city:ur": null, "addr:city:ar": null, "toilets": null, "internet_access:fee": null, "shelter": null, "lit": null, "website": null, "layer": null, "public_transport:version": null, "name:kn": null, "alt_name": null, "IR:zone": null, "name:hi": null, "toilets:wheelchair": null, "addr:street": null, "addr:postcode": null, "addr:district": null, "addr:city": null, "disused:railway": null, "subway": null, "station": null, "disused": null, "construction": null, "name:ml": null, "historic": null, "name:ar": null, "alt_name:ur": null, "wheelchair": null, "name:fa": null, "wikipedia": "en:Lingampalli railway station", "wikidata": "Q6553760", "train": "yes", "ref": "LPI", "public_transport": "station", "platforms": "6", "operator": "SCR", "network": "IR", "name:ur": null, "name:te": null, "name": "Lingampalli", "internet_access": "no" }, "geometry": { "type": "Point", "coordinates": [ 78.3177732, 17.4831225 ] } },
{ "type": "Feature", "properties": { "fid": 26, "full_id": "n1974699686", "osm_id": "1974699686", "osm_type": "node", "railway": "station", "name:ta": null, "internet_access:ssid": null, "addr:place:ur": null, "addr:place:ar": null, "addr:place": null, "addr:city:ur": null, "addr:city:ar": null, "toilets": null, "internet_access:fee": null, "shelter": null, "lit": null, "website": null, "layer": null, "public_transport:version": null, "name:kn": null, "alt_name": null, "IR:zone": null, "name:hi": null, "toilets:wheelchair": null, "addr:street": null, "addr:postcode": null, "addr:district": null, "addr:city": null, "disused:railway": null, "subway": null, "station": null, "disused": null, "construction": null, "name:ml": null, "historic": null, "name:ar": null, "alt_name:ur": null, "wheelchair": null, "name:fa": null, "wikipedia": null, "wikidata": "Q59326703", "train": "yes", "ref": "CHZ", "public_transport": "station", "platforms": null, "operator": "SCR", "network": "IR", "name:ur": "چرلہ پلی", "name:te": "చర్లపల్లి", "name": "Charlapalli", "internet_access": "no" }, "geometry": { "type": "Point", "coordinates": [ 78.6066056, 17.4585975 ] } },
{ "type": "Feature", "properties": { "fid": 27, "full_id": "n1974699691", "osm_id": "1974699691", "osm_type": "node", "railway": "station", "name:ta": null, "internet_access:ssid": null, "addr:place:ur": null, "addr:place:ar": null, "addr:place": null, "addr:city:ur": null, "addr:city:ar": null, "toilets": null, "internet_access:fee": null, "shelter": null, "lit": null, "website": null, "layer": null, "public_transport:version": null, "name:kn": null, "alt_name": null, "IR:zone": null, "name:hi": null, "toilets:wheelchair": null, "addr:street": null, "addr:postcode": null, "addr:district": null, "addr:city": null, "disused:railway": null, "subway": null, "station": null, "disused": null, "construction": null, "name:ml": null, "historic": null, "name:ar": null, "alt_name:ur": null, "wheelchair": null, "name:fa": null, "wikipedia": "en:Pagidipalli railway station", "wikidata": "Q7124355", "train": "yes", "ref": "PGDP", "public_transport": "station", "platforms": null, "operator": "SCR", "network": "IR", "name:ur": null, "name:te": "పగిడిపల్లి", "name": "Pagidipalli", "internet_access": "no" }, "geometry": { "type": "Point", "coordinates": [ 78.8205898, 17.4845753 ] } },
{ "type": "Feature", "properties": { "fid": 28, "full_id": "n1974699692", "osm_id": "1974699692", "osm_type": "node", "railway": "station", "name:ta": null, "internet_access:ssid": null, "addr:place:ur": null, "addr:place:ar": null, "addr:place": null, "addr:city:ur": null, "addr:city:ar": null, "toilets": null, "internet_access:fee": null, "shelter": null, "lit": null, "website": null, "layer": null, "public_transport:version": null, "name:kn": null, "alt_name": null, "IR:zone": null, "name:hi": null, "toilets:wheelchair": null, "addr:street": null, "addr:postcode": null, "addr:district": null, "addr:city": null, "disused:railway": null, "subway": null, "station": null, "disused": null, "construction": null, "name:ml": null, "historic": null, "name:ar": null, "alt_name:ur": null, "wheelchair": null, "name:fa": null, "wikipedia": "en:Ghatkesar railway station", "wikidata": "Q18125093", "train": "yes", "ref": "GT", "public_transport": "station", "platforms": null, "operator": "SCR", "network": "IR", "name:ur": "گھٹکیسر", "name:te": "ఘట్‌కేసర్", "name": "Ghatkesar", "internet_access": "no" }, "geometry": { "type": "Point", "coordinates": [ 78.6782985, 17.4528558 ] } },
{ "type": "Feature", "properties": { "fid": 29, "full_id": "n2084119304", "osm_id": "2084119304", "osm_type": "node", "railway": "station", "name:ta": null, "internet_access:ssid": null, "addr:place:ur": null, "addr:place:ar": null, "addr:place": null, "addr:city:ur": null, "addr:city:ar": null, "toilets": null, "internet_access:fee": null, "shelter": null, "lit": null, "website": null, "layer": null, "public_transport:version": null, "name:kn": null, "alt_name": "Sitaphal Mandi", "IR:zone": null, "name:hi": null, "toilets:wheelchair": null, "addr:street": null, "addr:postcode": null, "addr:district": null, "addr:city": null, "disused:railway": null, "subway": null, "station": null, "disused": null, "construction": null, "name:ml": null, "historic": null, "name:ar": null, "alt_name:ur": null, "wheelchair": null, "name:fa": null, "wikipedia": "en:Sitaphalmandi railway station", "wikidata": "Q7531662", "train": "yes", "ref": "STPD", "public_transport": "station", "platforms": null, "operator": "SCR", "network": "IR", "name:ur": "سیتا پھل منڈی", "name:te": "సీతాఫల్‌మండి", "name": "Sitaphalmandi", "internet_access": "no" }, "geometry": { "type": "Point", "coordinates": [ 78.5207231, 17.4272947 ] } },
{ "type": "Feature", "properties": { "fid": 30, "full_id": "n2422172970", "osm_id": "2422172970", "osm_type": "node", "railway": "station", "name:ta": null, "internet_access:ssid": null, "addr:place:ur": null, "addr:place:ar": null, "addr:place": null, "addr:city:ur": null, "addr:city:ar": null, "toilets": null, "internet_access:fee": null, "shelter": null, "lit": null, "website": null, "layer": null, "public_transport:version": null, "name:kn": null, "alt_name": null, "IR:zone": null, "name:hi": null, "toilets:wheelchair": null, "addr:street": null, "addr:postcode": null, "addr:district": null, "addr:city": null, "disused:railway": null, "subway": "yes", "station": "subway", "disused": null, "construction": null, "name:ml": "ബേഗംപേട്ട്", "historic": null, "name:ar": null, "alt_name:ur": null, "wheelchair": null, "name:fa": "بیگم پیت", "wikipedia": null, "wikidata": null, "train": null, "ref": null, "public_transport": "station", "platforms": null, "operator": "Hyderabad Metro Rail Limited", "network": "Hyderabad Metro", "name:ur": "بیگم پیٹ", "name:te": "బేగంపేట్", "name": "Begumpet", "internet_access": null }, "geometry": { "type": "Point", "coordinates": [ 78.4569341, 17.4375661 ] } },
{ "type": "Feature", "properties": { "fid": 31, "full_id": "n2461447890", "osm_id": "2461447890", "osm_type": "node", "railway": "station", "name:ta": null, "internet_access:ssid": null, "addr:place:ur": null, "addr:place:ar": null, "addr:place": null, "addr:city:ur": null, "addr:city:ar": null, "toilets": null, "internet_access:fee": null, "shelter": null, "lit": null, "website": null, "layer": null, "public_transport:version": null, "name:kn": "ಬೇಗಂಪೇಟೆ", "alt_name": null, "IR:zone": null, "name:hi": null, "toilets:wheelchair": null, "addr:street": null, "addr:postcode": null, "addr:district": null, "addr:city": null, "disused:railway": null, "subway": null, "station": null, "disused": null, "construction": null, "name:ml": null, "historic": null, "name:ar": null, "alt_name:ur": null, "wheelchair": null, "name:fa": null, "wikipedia": "en:Begumpet railway station", "wikidata": "Q4880629", "train": "yes", "ref": "2", "public_transport": "station", "platforms": null, "operator": null, "network": null, "name:ur": "بیگم پیٹ", "name:te": null, "name": "Begumpet", "internet_access": null }, "geometry": { "type": "Point", "coordinates": [ 78.458062, 17.4385942 ] } },
{ "type": "Feature", "properties": { "fid": 32, "full_id": "n2528166287", "osm_id": "2528166287", "osm_type": "node", "railway": "station", "name:ta": null, "internet_access:ssid": null, "addr:place:ur": null, "addr:place:ar": null, "addr:place": null, "addr:city:ur": null, "addr:city:ar": null, "toilets": null, "internet_access:fee": null, "shelter": null, "lit": null, "website": null, "layer": null, "public_transport:version": null, "name:kn": null, "alt_name": null, "IR:zone": null, "name:hi": null, "toilets:wheelchair": null, "addr:street": null, "addr:postcode": null, "addr:district": null, "addr:city": null, "disused:railway": null, "subway": null, "station": null, "disused": null, "construction": null, "name:ml": null, "historic": null, "name:ar": null, "alt_name:ur": null, "wheelchair": null, "name:fa": null, "wikipedia": null, "wikidata": "Q63369717", "train": "yes", "ref": "NPL", "public_transport": "station", "platforms": null, "operator": "SCR", "network": "IR", "name:ur": null, "name:te": null, "name": "Nagalapalli", "internet_access": "no" }, "geometry": { "type": "Point", "coordinates": [ 78.2300829, 17.460242 ] } },
{ "type": "Feature", "properties": { "fid": 33, "full_id": "n2528193014", "osm_id": "2528193014", "osm_type": "node", "railway": "station", "name:ta": null, "internet_access:ssid": null, "addr:place:ur": null, "addr:place:ar": null, "addr:place": null, "addr:city:ur": null, "addr:city:ar": null, "toilets": null, "internet_access:fee": null, "shelter": null, "lit": null, "website": null, "layer": null, "public_transport:version": null, "name:kn": null, "alt_name": null, "IR:zone": null, "name:hi": null, "toilets:wheelchair": null, "addr:street": null, "addr:postcode": null, "addr:district": null, "addr:city": null, "disused:railway": null, "subway": null, "station": null, "disused": null, "construction": null, "name:ml": null, "historic": null, "name:ar": null, "alt_name:ur": null, "wheelchair": null, "name:fa": null, "wikipedia": "en:Fateh Nagar railway station", "wikidata": "Q5437396", "train": "yes", "ref": "FNB", "public_transport": "station", "platforms": "2", "operator": "SCR", "network": "IR", "name:ur": "فتح نگر", "name:te": null, "name": "Fateh Nagar", "internet_access": "no" }, "geometry": { "type": "Point", "coordinates": [ 78.4499241, 17.4562011 ] } },
{ "type": "Feature", "properties": { "fid": 34, "full_id": "n2531993221", "osm_id": "2531993221", "osm_type": "node", "railway": "station", "name:ta": null, "internet_access:ssid": null, "addr:place:ur": null, "addr:place:ar": null, "addr:place": null, "addr:city:ur": null, "addr:city:ar": null, "toilets": null, "internet_access:fee": null, "shelter": null, "lit": null, "website": null, "layer": null, "public_transport:version": null, "name:kn": null, "alt_name": null, "IR:zone": null, "name:hi": null, "toilets:wheelchair": null, "addr:street": null, "addr:postcode": null, "addr:district": null, "addr:city": null, "disused:railway": null, "subway": null, "station": null, "disused": null, "construction": null, "name:ml": null, "historic": null, "name:ar": null, "alt_name:ur": null, "wheelchair": null, "name:fa": null, "wikipedia": null, "wikidata": "Q63371611", "train": "yes", "ref": "BDVL", "public_transport": "station", "platforms": "2", "operator": "SCR", "network": "IR", "name:ur": null, "name:te": null, "name": "Budvel", "internet_access": "no" }, "geometry": { "type": "Point", "coordinates": [ 78.4249837, 17.3098599 ] } },
{ "type": "Feature", "properties": { "fid": 35, "full_id": "n2531994405", "osm_id": "2531994405", "osm_type": "node", "railway": "station", "name:ta": null, "internet_access:ssid": null, "addr:place:ur": null, "addr:place:ar": null, "addr:place": null, "addr:city:ur": null, "addr:city:ar": null, "toilets": null, "internet_access:fee": null, "shelter": null, "lit": null, "website": null, "layer": null, "public_transport:version": null, "name:kn": null, "alt_name": null, "IR:zone": null, "name:hi": null, "toilets:wheelchair": null, "addr:street": null, "addr:postcode": null, "addr:district": null, "addr:city": null, "disused:railway": null, "subway": null, "station": null, "disused": null, "construction": null, "name:ml": null, "historic": null, "name:ar": null, "alt_name:ur": null, "wheelchair": null, "name:fa": null, "wikipedia": "en:Umdanagar railway station", "wikidata": "Q12991702", "train": "yes", "ref": "UR", "public_transport": "station", "platforms": null, "operator": "SCR", "network": "IR", "name:ur": null, "name:te": "ఉమ్దానగర్", "name": "Umdanagar", "internet_access": "no" }, "geometry": { "type": "Point", "coordinates": [ 78.3931714, 17.2634072 ] } },
{ "type": "Feature", "properties": { "fid": 36, "full_id": "n2712437769", "osm_id": "2712437769", "osm_type": "node", "railway": "station", "name:ta": null, "internet_access:ssid": null, "addr:place:ur": null, "addr:place:ar": null, "addr:place": null, "addr:city:ur": null, "addr:city:ar": null, "toilets": null, "internet_access:fee": null, "shelter": null, "lit": null, "website": null, "layer": null, "public_transport:version": null, "name:kn": null, "alt_name": null, "IR:zone": null, "name:hi": null, "toilets:wheelchair": null, "addr:street": null, "addr:postcode": null, "addr:district": null, "addr:city": null, "disused:railway": null, "subway": null, "station": null, "disused": null, "construction": null, "name:ml": null, "historic": null, "name:ar": null, "alt_name:ur": null, "wheelchair": null, "name:fa": null, "wikipedia": "en:Lakdi-ka-pul railway station", "wikidata": "Q6474590", "train": "yes", "ref": "LKPL", "public_transport": "station", "platforms": "2", "operator": "SCR", "network": "IR", "name:ur": "لکڑی کا پل", "name:te": "లక్డికపూల్", "name": "Lakdi-ka-pul", "internet_access": "no" }, "geometry": { "type": "Point", "coordinates": [ 78.4635019, 17.4038328 ] } },
{ "type": "Feature", "properties": { "fid": 37, "full_id": "n2921494804", "osm_id": "2921494804", "osm_type": "node", "railway": "station", "name:ta": null, "internet_access:ssid": null, "addr:place:ur": null, "addr:place:ar": null, "addr:place": null, "addr:city:ur": null, "addr:city:ar": null, "toilets": null, "internet_access:fee": null, "shelter": null, "lit": null, "website": null, "layer": null, "public_transport:version": null, "name:kn": null, "alt_name": null, "IR:zone": null, "name:hi": null, "toilets:wheelchair": null, "addr:street": null, "addr:postcode": null, "addr:district": null, "addr:city": null, "disused:railway": null, "subway": null, "station": null, "disused": null, "construction": null, "name:ml": null, "historic": null, "name:ar": null, "alt_name:ur": null, "wheelchair": null, "name:fa": null, "wikipedia": "en:Bolarum railway station", "wikidata": "Q4938946", "train": "yes", "ref": "BMO", "public_transport": "station", "platforms": null, "operator": "SCR", "network": "IR", "name:ur": null, "name:te": "బొల్లారం", "name": "Bolarum", "internet_access": "no" }, "geometry": { "type": "Point", "coordinates": [ 78.5154568, 17.5330679 ] } },
{ "type": "Feature", "properties": { "fid": 38, "full_id": "n2923174835", "osm_id": "2923174835", "osm_type": "node", "railway": "station", "name:ta": null, "internet_access:ssid": null, "addr:place:ur": null, "addr:place:ar": null, "addr:place": null, "addr:city:ur": null, "addr:city:ar": null, "toilets": null, "internet_access:fee": null, "shelter": null, "lit": null, "website": null, "layer": null, "public_transport:version": null, "name:kn": null, "alt_name": null, "IR:zone": null, "name:hi": null, "toilets:wheelchair": null, "addr:street": null, "addr:postcode": null, "addr:district": null, "addr:city": null, "disused:railway": null, "subway": null, "station": null, "disused": null, "construction": null, "name:ml": null, "historic": null, "name:ar": null, "alt_name:ur": null, "wheelchair": null, "name:fa": null, "wikipedia": "en:Alwal railway station", "wikidata": "Q4738357", "train": "yes", "ref": "ALW", "public_transport": "station", "platforms": null, "operator": "SCR", "network": "IR", "name:ur": null, "name:te": null, "name": "Alwal", "internet_access": "no" }, "geometry": { "type": "Point", "coordinates": [ 78.514663, 17.5050368 ] } },
{ "type": "Feature", "properties": { "fid": 39, "full_id": "n2962282518", "osm_id": "2962282518", "osm_type": "node", "railway": "station", "name:ta": null, "internet_access:ssid": null, "addr:place:ur": null, "addr:place:ar": null, "addr:place": null, "addr:city:ur": null, "addr:city:ar": null, "toilets": null, "internet_access:fee": null, "shelter": null, "lit": null, "website": null, "layer": null, "public_transport:version": null, "name:kn": null, "alt_name": null, "IR:zone": null, "name:hi": null, "toilets:wheelchair": null, "addr:street": null, "addr:postcode": null, "addr:district": null, "addr:city": null, "disused:railway": null, "subway": null, "station": null, "disused": null, "construction": null, "name:ml": null, "historic": null, "name:ar": null, "alt_name:ur": null, "wheelchair": null, "name:fa": null, "wikipedia": null, "wikidata": "Q63357400", "train": "yes", "ref": "GDPL", "public_transport": "station", "platforms": "2", "operator": "SCR", "network": "IR", "name:ur": null, "name:te": "గుండ్ల పోచంపల్లి", "name": "Gundla Pochampally", "internet_access": "no" }, "geometry": { "type": "Point", "coordinates": [ 78.4882373, 17.5687096 ] } },
{ "type": "Feature", "properties": { "fid": 40, "full_id": "n5186129525", "osm_id": "5186129525", "osm_type": "node", "railway": "station", "name:ta": null, "internet_access:ssid": null, "addr:place:ur": null, "addr:place:ar": null, "addr:place": null, "addr:city:ur": null, "addr:city:ar": null, "toilets": null, "internet_access:fee": null, "shelter": null, "lit": null, "website": null, "layer": null, "public_transport:version": null, "name:kn": null, "alt_name": null, "IR:zone": null, "name:hi": null, "toilets:wheelchair": null, "addr:street": null, "addr:postcode": null, "addr:district": null, "addr:city": null, "disused:railway": null, "subway": null, "station": null, "disused": null, "construction": null, "name:ml": null, "historic": null, "name:ar": null, "alt_name:ur": null, "wheelchair": null, "name:fa": null, "wikipedia": null, "wikidata": "Q63369718", "train": "yes", "ref": "SNF", "public_transport": "station", "platforms": "2", "operator": "SCR", "network": "IR", "name:ur": null, "name:te": null, "name": "Sanat Nagar", "internet_access": "no" }, "geometry": { "type": "Point", "coordinates": [ 78.4366978, 17.4622355 ] } },
{ "type": "Feature", "properties": { "fid": 41, "full_id": "n6444553238", "osm_id": "6444553238", "osm_type": "node", "railway": "station", "name:ta": null, "internet_access:ssid": null, "addr:place:ur": null, "addr:place:ar": null, "addr:place": null, "addr:city:ur": null, "addr:city:ar": null, "toilets": null, "internet_access:fee": null, "shelter": null, "lit": null, "website": null, "layer": null, "public_transport:version": "2", "name:kn": null, "alt_name": null, "IR:zone": null, "name:hi": null, "toilets:wheelchair": null, "addr:street": null, "addr:postcode": null, "addr:district": null, "addr:city": null, "disused:railway": null, "subway": "yes", "station": "subway", "disused": null, "construction": null, "name:ml": "എസ് ആർ നഗർ", "historic": null, "name:ar": null, "alt_name:ur": null, "wheelchair": null, "name:fa": "اس آر نگر", "wikipedia": null, "wikidata": "Q83175963", "train": null, "ref": null, "public_transport": "station", "platforms": null, "operator": "Hyderabad Metro Rail Limited", "network": "Hyderabad Metro", "name:ur": null, "name:te": "ఎస్.ఆర్. నగర్", "name": "S. R. Nagar", "internet_access": null }, "geometry": { "type": "Point", "coordinates": [ 78.4416081, 17.4417071 ] } },
{ "type": "Feature", "properties": { "fid": 42, "full_id": "n6444553239", "osm_id": "6444553239", "osm_type": "node", "railway": "station", "name:ta": null, "internet_access:ssid": null, "addr:place:ur": null, "addr:place:ar": null, "addr:place": null, "addr:city:ur": null, "addr:city:ar": null, "toilets": null, "internet_access:fee": null, "shelter": null, "lit": null, "website": null, "layer": null, "public_transport:version": null, "name:kn": null, "alt_name": null, "IR:zone": null, "name:hi": null, "toilets:wheelchair": null, "addr:street": null, "addr:postcode": null, "addr:district": null, "addr:city": null, "disused:railway": null, "subway": "yes", "station": "subway", "disused": null, "construction": null, "name:ml": "ഹൈടെക് സിറ്റി", "historic": null, "name:ar": null, "alt_name:ur": null, "wheelchair": null, "name:fa": "شهر هایتک", "wikipedia": null, "wikidata": "Q56701859", "train": null, "ref": null, "public_transport": "station", "platforms": null, "operator": "Hyderabad Metro Rail Limited", "network": "Hyderabad Metro", "name:ur": null, "name:te": "హైటెక్ సిటి", "name": "HITEC City", "internet_access": null }, "geometry": { "type": "Point", "coordinates": [ 78.3831376, 17.4490055 ] } },
{ "type": "Feature", "properties": { "fid": 43, "full_id": "n6447168562", "osm_id": "6447168562", "osm_type": "node", "railway": "station", "name:ta": null, "internet_access:ssid": null, "addr:place:ur": null, "addr:place:ar": null, "addr:place": null, "addr:city:ur": null, "addr:city:ar": null, "toilets": null, "internet_access:fee": null, "shelter": null, "lit": null, "website": null, "layer": "1", "public_transport:version": null, "name:kn": null, "alt_name": null, "IR:zone": null, "name:hi": null, "toilets:wheelchair": null, "addr:street": null, "addr:postcode": null, "addr:district": null, "addr:city": null, "disused:railway": null, "subway": "yes", "station": "subway", "disused": null, "construction": null, "name:ml": "നാഗോൽ", "historic": null, "name:ar": null, "alt_name:ur": null, "wheelchair": "yes", "name:fa": "ناگول", "wikipedia": null, "wikidata": "Q83377016", "train": null, "ref": null, "public_transport": "station", "platforms": null, "operator": "Hyderabad Metro Rail Limited", "network": "Hyderabad Metro", "name:ur": null, "name:te": "నాగోల్", "name": "Nagole", "internet_access": null }, "geometry": { "type": "Point", "coordinates": [ 78.5588222, 17.3907683 ] } },
{ "type": "Feature", "properties": { "fid": 44, "full_id": "n6447191882", "osm_id": "6447191882", "osm_type": "node", "railway": "station", "name:ta": null, "internet_access:ssid": null, "addr:place:ur": null, "addr:place:ar": null, "addr:place": null, "addr:city:ur": null, "addr:city:ar": null, "toilets": null, "internet_access:fee": null, "shelter": null, "lit": null, "website": null, "layer": null, "public_transport:version": "2", "name:kn": null, "alt_name": null, "IR:zone": null, "name:hi": null, "toilets:wheelchair": null, "addr:street": null, "addr:postcode": null, "addr:district": null, "addr:city": null, "disused:railway": null, "subway": "yes", "station": "subway", "disused": null, "construction": null, "name:ml": "അമീർപേട്ട്", "historic": null, "name:ar": null, "alt_name:ur": null, "wheelchair": null, "name:fa": "امیرپیت (خط قرمز)", "wikipedia": "en:Ameerpet metro station", "wikidata": "Q56701862", "train": null, "ref": null, "public_transport": "station", "platforms": null, "operator": "Hyderabad Metro Rail Limited", "network": "Hyderabad Metro", "name:ur": null, "name:te": "అమీర్‌పేట్", "name": "Ameerpet (Red Line)", "internet_access": null }, "geometry": { "type": "Point", "coordinates": [ 78.4447933, 17.4357214 ] } },
{ "type": "Feature", "properties": { "fid": 45, "full_id": "n6451675812", "osm_id": "6451675812", "osm_type": "node", "railway": "station", "name:ta": null, "internet_access:ssid": null, "addr:place:ur": null, "addr:place:ar": null, "addr:place": null, "addr:city:ur": null, "addr:city:ar": null, "toilets": null, "internet_access:fee": null, "shelter": null, "lit": null, "website": "https://hmrl.co.in", "layer": null, "public_transport:version": null, "name:kn": null, "alt_name": null, "IR:zone": null, "name:hi": null, "toilets:wheelchair": null, "addr:street": null, "addr:postcode": null, "addr:district": null, "addr:city": null, "disused:railway": null, "subway": "yes", "station": "Metro", "disused": null, "construction": null, "name:ml": "ദുർഗ്ഗം ചെരുവ്", "historic": null, "name:ar": null, "alt_name:ur": null, "wheelchair": "yes", "name:fa": "درگام چروو", "wikipedia": null, "wikidata": "Q83554384", "train": null, "ref": null, "public_transport": "station", "platforms": null, "operator": "Hyderabad Metro Rail Limited", "network": "Hyderabad Metro", "name:ur": null, "name:te": "దుర్గం చెరువు", "name": "Durgam Cheruvu", "internet_access": "no" }, "geometry": { "type": "Point", "coordinates": [ 78.3875721, 17.4429466 ] } },
{ "type": "Feature", "properties": { "fid": 46, "full_id": "n6594596014", "osm_id": "6594596014", "osm_type": "node", "railway": "station", "name:ta": null, "internet_access:ssid": null, "addr:place:ur": null, "addr:place:ar": null, "addr:place": null, "addr:city:ur": null, "addr:city:ar": null, "toilets": null, "internet_access:fee": null, "shelter": null, "lit": null, "website": null, "layer": null, "public_transport:version": null, "name:kn": null, "alt_name": null, "IR:zone": null, "name:hi": null, "toilets:wheelchair": null, "addr:street": null, "addr:postcode": null, "addr:district": null, "addr:city": null, "disused:railway": null, "subway": null, "station": null, "disused": null, "construction": null, "name:ml": null, "historic": null, "name:ar": null, "alt_name:ur": null, "wheelchair": null, "name:fa": null, "wikipedia": null, "wikidata": "Q87776840", "train": "yes", "ref": "TLPR", "public_transport": "station", "platforms": null, "operator": "SCR", "network": "IR", "name:ur": null, "name:te": null, "name": "Telapur", "internet_access": "no" }, "geometry": { "type": "Point", "coordinates": [ 78.2849764, 17.4749602 ] } },
{ "type": "Feature", "properties": { "fid": 47, "full_id": "n6598047610", "osm_id": "6598047610", "osm_type": "node", "railway": "station", "name:ta": null, "internet_access:ssid": null, "addr:place:ur": null, "addr:place:ar": null, "addr:place": null, "addr:city:ur": null, "addr:city:ar": null, "toilets": null, "internet_access:fee": null, "shelter": null, "lit": null, "website": null, "layer": null, "public_transport:version": null, "name:kn": null, "alt_name": null, "IR:zone": null, "name:hi": null, "toilets:wheelchair": null, "addr:street": null, "addr:postcode": null, "addr:district": null, "addr:city": null, "disused:railway": null, "subway": null, "station": null, "disused": null, "construction": null, "name:ml": null, "historic": null, "name:ar": null, "alt_name:ur": null, "wheelchair": null, "name:fa": null, "wikipedia": null, "wikidata": "Q105395406", "train": "yes", "ref": "RCPT", "public_transport": "station", "platforms": null, "operator": "SCR", "network": "IR", "name:ur": null, "name:te": null, "name": "Ramachandrapuram TS", "internet_access": "no" }, "geometry": { "type": "Point", "coordinates": [ 78.2824464, 17.5102204 ] } },
{ "type": "Feature", "properties": { "fid": 48, "full_id": "n6672440858", "osm_id": "6672440858", "osm_type": "node", "railway": "station", "name:ta": null, "internet_access:ssid": null, "addr:place:ur": null, "addr:place:ar": null, "addr:place": null, "addr:city:ur": null, "addr:city:ar": null, "toilets": null, "internet_access:fee": null, "shelter": null, "lit": null, "website": null, "layer": null, "public_transport:version": null, "name:kn": null, "alt_name": null, "IR:zone": null, "name:hi": null, "toilets:wheelchair": null, "addr:street": null, "addr:postcode": null, "addr:district": null, "addr:city": null, "disused:railway": null, "subway": "yes", "station": "subway", "disused": null, "construction": null, "name:ml": "യൂസുഫ്ഗുഡ", "historic": null, "name:ar": null, "alt_name:ur": null, "wheelchair": null, "name:fa": "یوسف گودا", "wikipedia": null, "wikidata": "Q85518572", "train": null, "ref": null, "public_transport": "station", "platforms": null, "operator": "Hyderabad Metro Rail Limited", "network": "Hyderabad Metro", "name:ur": "یوسف گوڑہ", "name:te": "యూసుఫ్‌గూడ", "name": "Yusufguda", "internet_access": null }, "geometry": { "type": "Point", "coordinates": [ 78.4273216, 17.4351132 ] } },
{ "type": "Feature", "properties": { "fid": 49, "full_id": "n6700511122", "osm_id": "6700511122", "osm_type": "node", "railway": "station", "name:ta": null, "internet_access:ssid": null, "addr:place:ur": null, "addr:place:ar": null, "addr:place": null, "addr:city:ur": null, "addr:city:ar": null, "toilets": null, "internet_access:fee": null, "shelter": null, "lit": null, "website": null, "layer": null, "public_transport:version": "2", "name:kn": null, "alt_name": null, "IR:zone": null, "name:hi": null, "toilets:wheelchair": null, "addr:street": null, "addr:postcode": null, "addr:district": null, "addr:city": null, "disused:railway": null, "subway": "yes", "station": "subway", "disused": null, "construction": null, "name:ml": "അമീർപേട്ട്", "historic": null, "name:ar": null, "alt_name:ur": null, "wheelchair": null, "name:fa": "امیرپیت (خط آبی)", "wikipedia": "en:Ameerpet metro station", "wikidata": "Q56701862", "train": null, "ref": null, "public_transport": "station", "platforms": null, "operator": "Hyderabad Metro Rail Limited", "network": "Hyderabad Metro", "name:ur": null, "name:te": "అమీర్‌పేట్", "name": "Ameerpet (Blue Line)", "internet_access": null }, "geometry": { "type": "Point", "coordinates": [ 78.4447834, 17.4352864 ] } },
{ "type": "Feature", "properties": { "fid": 50, "full_id": "n6777782858", "osm_id": "6777782858", "osm_type": "node", "railway": "station", "name:ta": null, "internet_access:ssid": null, "addr:place:ur": null, "addr:place:ar": null, "addr:place": null, "addr:city:ur": null, "addr:city:ar": null, "toilets": null, "internet_access:fee": null, "shelter": "yes", "lit": "yes", "website": null, "layer": "1", "public_transport:version": "2", "name:kn": null, "alt_name": null, "IR:zone": null, "name:hi": null, "toilets:wheelchair": null, "addr:street": null, "addr:postcode": null, "addr:district": null, "addr:city": null, "disused:railway": null, "subway": "yes", "station": "subway", "disused": null, "construction": null, "name:ml": "ജൂബിലി ഹിൽസ് ചെക്ക്പോസ്റ്റ്", "historic": null, "name:ar": null, "alt_name:ur": null, "wheelchair": "yes", "name:fa": "ایست بازرسی جوبیلی هیلز", "wikipedia": null, "wikidata": "Q64038090", "train": null, "ref": null, "public_transport": "station", "platforms": "2", "operator": "Hyderabad Metro Rail Limited", "network": "Hyderabad Metro", "name:ur": null, "name:te": "జూబ్లీ హిల్స్ చెక్‌పోస్ట్", "name": "Jubilee Hills Checkpost", "internet_access": null }, "geometry": { "type": "Point", "coordinates": [ 78.4137145, 17.4281969 ] } },
{ "type": "Feature", "properties": { "fid": 51, "full_id": "n7040366286", "osm_id": "7040366286", "osm_type": "node", "railway": "station", "name:ta": null, "internet_access:ssid": null, "addr:place:ur": null, "addr:place:ar": null, "addr:place": null, "addr:city:ur": null, "addr:city:ar": null, "toilets": null, "internet_access:fee": null, "shelter": null, "lit": null, "website": "https://hmrl.co.in", "layer": null, "public_transport:version": null, "name:kn": null, "alt_name": null, "IR:zone": null, "name:hi": null, "toilets:wheelchair": null, "addr:street": null, "addr:postcode": null, "addr:district": null, "addr:city": null, "disused:railway": null, "subway": "yes", "station": "subway", "disused": null, "construction": null, "name:ml": "കുക്കട്ട്പള്ളി", "historic": null, "name:ar": null, "alt_name:ur": null, "wheelchair": "yes", "name:fa": "کوکتپالی", "wikipedia": null, "wikidata": "Q83283577", "train": null, "ref": null, "public_transport": "station", "platforms": null, "operator": "Hyderabad Metro Rail Limited", "network": "Hyderabad Metro", "name:ur": null, "name:te": "కూక్కట్‌పల్లి", "name": "Kukatpally", "internet_access": "no" }, "geometry": { "type": "Point", "coordinates": [ 78.411638, 17.4850883 ] } },
{ "type": "Feature", "properties": { "fid": 52, "full_id": "n7052069749", "osm_id": "7052069749", "osm_type": "node", "railway": "station", "name:ta": null, "internet_access:ssid": null, "addr:place:ur": null, "addr:place:ar": null, "addr:place": null, "addr:city:ur": null, "addr:city:ar": null, "toilets": "yes", "internet_access:fee": "yes", "shelter": null, "lit": null, "website": null, "layer": null, "public_transport:version": null, "name:kn": null, "alt_name": null, "IR:zone": null, "name:hi": null, "toilets:wheelchair": null, "addr:street": null, "addr:postcode": null, "addr:district": null, "addr:city": null, "disused:railway": null, "subway": "yes", "station": "subway", "disused": null, "construction": null, "name:ml": "ഉപ്പൽ", "historic": null, "name:ar": null, "alt_name:ur": null, "wheelchair": "yes", "name:fa": "اپل", "wikipedia": "en:Uppal metro station", "wikidata": "Q83407689", "train": null, "ref": "OPL", "public_transport": "station", "platforms": null, "operator": "Hyderabad Metro Rail Limited", "network": "Hyderabad Metro", "name:ur": null, "name:te": "ఉప్పల్", "name": "Uppal", "internet_access": "wlan" }, "geometry": { "type": "Point", "coordinates": [ 78.5601834, 17.400161 ] } },
{ "type": "Feature", "properties": { "fid": 53, "full_id": "n7052069752", "osm_id": "7052069752", "osm_type": "node", "railway": "station", "name:ta": null, "internet_access:ssid": null, "addr:place:ur": null, "addr:place:ar": null, "addr:place": null, "addr:city:ur": null, "addr:city:ar": null, "toilets": null, "internet_access:fee": null, "shelter": null, "lit": null, "website": null, "layer": null, "public_transport:version": null, "name:kn": null, "alt_name": null, "IR:zone": null, "name:hi": null, "toilets:wheelchair": null, "addr:street": null, "addr:postcode": null, "addr:district": null, "addr:city": null, "disused:railway": null, "subway": "yes", "station": "subway", "disused": null, "construction": null, "name:ml": "സ്റ്റേഡിയം", "historic": null, "name:ar": null, "alt_name:ur": null, "wheelchair": "yes", "name:fa": "ورزشگاه", "wikipedia": null, "wikidata": null, "train": null, "ref": null, "public_transport": "station", "platforms": null, "operator": "Hyderabad Metro Rail Limited", "network": "Hyderabad Metro", "name:ur": null, "name:te": "స్టేడియం", "name": "Stadium", "internet_access": null }, "geometry": { "type": "Point", "coordinates": [ 78.5542531, 17.4074002 ] } },
{ "type": "Feature", "properties": { "fid": 54, "full_id": "n7052069753", "osm_id": "7052069753", "osm_type": "node", "railway": "station", "name:ta": null, "internet_access:ssid": null, "addr:place:ur": null, "addr:place:ar": null, "addr:place": null, "addr:city:ur": null, "addr:city:ar": null, "toilets": null, "internet_access:fee": null, "shelter": null, "lit": null, "website": null, "layer": null, "public_transport:version": null, "name:kn": null, "alt_name": null, "IR:zone": null, "name:hi": null, "toilets:wheelchair": null, "addr:street": null, "addr:postcode": null, "addr:district": null, "addr:city": null, "disused:railway": null, "subway": "yes", "station": "subway", "disused": null, "construction": null, "name:ml": null, "historic": null, "name:ar": null, "alt_name:ur": null, "wheelchair": null, "name:fa": "ان‌جی‌آر‌آی", "wikipedia": null, "wikidata": "Q83491622", "train": null, "ref": null, "public_transport": "station", "platforms": null, "operator": "Hyderabad Metro Rail Limited", "network": "Hyderabad Metro", "name:ur": null, "name:te": "ఎన్.జి.ఆర్.ఐ", "name": "NGRI", "internet_access": null }, "geometry": { "type": "Point", "coordinates": [ 78.5463345, 17.4148264 ] } },
{ "type": "Feature", "properties": { "fid": 55, "full_id": "n7052069754", "osm_id": "7052069754", "osm_type": "node", "railway": "station", "name:ta": null, "internet_access:ssid": null, "addr:place:ur": null, "addr:place:ar": null, "addr:place": null, "addr:city:ur": null, "addr:city:ar": null, "toilets": null, "internet_access:fee": null, "shelter": null, "lit": null, "website": null, "layer": null, "public_transport:version": null, "name:kn": null, "alt_name": null, "IR:zone": null, "name:hi": null, "toilets:wheelchair": null, "addr:street": null, "addr:postcode": null, "addr:district": null, "addr:city": null, "disused:railway": null, "subway": "yes", "station": "subway", "disused": null, "construction": null, "name:ml": "ഹബ്സിഗുഡ", "historic": null, "name:ar": null, "alt_name:ur": null, "wheelchair": null, "name:fa": "هابسیگودا", "wikipedia": null, "wikidata": "Q58814861", "train": null, "ref": null, "public_transport": "station", "platforms": null, "operator": "Hyderabad Metro Rail Limited", "network": "Hyderabad Metro", "name:ur": "حبشی گوڑہ", "name:te": "హబ్సీగూడ", "name": "Habsiguda", "internet_access": null }, "geometry": { "type": "Point", "coordinates": [ 78.540548, 17.42018 ] } },
{ "type": "Feature", "properties": { "fid": 56, "full_id": "n7052069755", "osm_id": "7052069755", "osm_type": "node", "railway": "station", "name:ta": null, "internet_access:ssid": null, "addr:place:ur": null, "addr:place:ar": null, "addr:place": null, "addr:city:ur": null, "addr:city:ar": null, "toilets": null, "internet_access:fee": null, "shelter": null, "lit": null, "website": null, "layer": null, "public_transport:version": null, "name:kn": null, "alt_name": null, "IR:zone": null, "name:hi": null, "toilets:wheelchair": null, "addr:street": null, "addr:postcode": null, "addr:district": null, "addr:city": null, "disused:railway": null, "subway": "yes", "station": "subway", "disused": null, "construction": null, "name:ml": "തർണാക", "historic": null, "name:ar": null, "alt_name:ur": null, "wheelchair": null, "name:fa": "تارناکا", "wikipedia": null, "wikidata": "Q56701857", "train": null, "ref": null, "public_transport": "station", "platforms": null, "operator": "Hyderabad Metro Rail Limited", "network": "Hyderabad Metro", "name:ur": "تارناکا", "name:te": "తార్నాక", "name": "Tarnaka", "internet_access": null }, "geometry": { "type": "Point", "coordinates": [ 78.5284415, 17.4282965 ] } },
{ "type": "Feature", "properties": { "fid": 57, "full_id": "n7052069756", "osm_id": "7052069756", "osm_type": "node", "railway": "station", "name:ta": null, "internet_access:ssid": null, "addr:place:ur": null, "addr:place:ar": null, "addr:place": null, "addr:city:ur": null, "addr:city:ar": null, "toilets": null, "internet_access:fee": null, "shelter": null, "lit": null, "website": null, "layer": null, "public_transport:version": null, "name:kn": null, "alt_name": null, "IR:zone": null, "name:hi": null, "toilets:wheelchair": null, "addr:street": null, "addr:postcode": null, "addr:district": null, "addr:city": null, "disused:railway": null, "subway": "yes", "station": "subway", "disused": null, "construction": null, "name:ml": "മേട്ടുഗുഡ", "historic": null, "name:ar": null, "alt_name:ur": null, "wheelchair": "yes", "name:fa": "متوگودا", "wikipedia": null, "wikidata": null, "train": null, "ref": null, "public_transport": "station", "platforms": null, "operator": "Hyderabad Metro Rail Limited", "network": "Hyderabad Metro", "name:ur": "میٹو گوڑہ", "name:te": "మెట్టుగూడ", "name": "Mettuguda", "internet_access": null }, "geometry": { "type": "Point", "coordinates": [ 78.5195754, 17.4355207 ] } },
{ "type": "Feature", "properties": { "fid": 58, "full_id": "n7052069757", "osm_id": "7052069757", "osm_type": "node", "railway": "station", "name:ta": null, "internet_access:ssid": null, "addr:place:ur": null, "addr:place:ar": null, "addr:place": null, "addr:city:ur": null, "addr:city:ar": null, "toilets": null, "internet_access:fee": null, "shelter": null, "lit": null, "website": null, "layer": null, "public_transport:version": null, "name:kn": null, "alt_name": null, "IR:zone": null, "name:hi": null, "toilets:wheelchair": null, "addr:street": null, "addr:postcode": null, "addr:district": null, "addr:city": null, "disused:railway": null, "subway": "yes", "station": "subway", "disused": null, "construction": null, "name:ml": "സെക്കന്ദ്രാബാദ് ഈസ്റ്റ്", "historic": null, "name:ar": null, "alt_name:ur": null, "wheelchair": null, "name:fa": "سکندرآباد شرقی", "wikipedia": null, "wikidata": "Q58814860", "train": null, "ref": null, "public_transport": "station", "platforms": null, "operator": "Hyderabad Metro Rail Limited", "network": "Hyderabad Metro", "name:ur": "سکندر آباد ایسٹ", "name:te": "సికింద్రాబాద్ ఈస్ట్", "name": "Secunderabad East", "internet_access": null }, "geometry": { "type": "Point", "coordinates": [ 78.5054623, 17.4357184 ] } },
{ "type": "Feature", "properties": { "fid": 59, "full_id": "n7052069758", "osm_id": "7052069758", "osm_type": "node", "railway": "station", "name:ta": null, "internet_access:ssid": null, "addr:place:ur": null, "addr:place:ar": null, "addr:place": null, "addr:city:ur": null, "addr:city:ar": null, "toilets": null, "internet_access:fee": null, "shelter": null, "lit": null, "website": null, "layer": null, "public_transport:version": null, "name:kn": null, "alt_name": null, "IR:zone": null, "name:hi": null, "toilets:wheelchair": null, "addr:street": null, "addr:postcode": null, "addr:district": null, "addr:city": null, "disused:railway": null, "subway": "yes", "station": "subway", "disused": null, "construction": null, "name:ml": "പരേഡ് ഗ്രൗണ്ട്സ്", "historic": null, "name:ar": null, "alt_name:ur": null, "wheelchair": null, "name:fa": "میدان رژه (خط آبی)", "wikipedia": null, "wikidata": null, "train": null, "ref": null, "public_transport": "station", "platforms": null, "operator": "Hyderabad Metro Rail Limited", "network": "Hyderabad Metro", "name:ur": null, "name:te": "పెరేడ్ గ్రౌండ్స్", "name": "Parade Grounds (Blue Line)", "internet_access": null }, "geometry": { "type": "Point", "coordinates": [ 78.4974687, 17.4431943 ] } },
{ "type": "Feature", "properties": { "fid": 60, "full_id": "n7052069759", "osm_id": "7052069759", "osm_type": "node", "railway": "station", "name:ta": null, "internet_access:ssid": null, "addr:place:ur": null, "addr:place:ar": null, "addr:place": null, "addr:city:ur": null, "addr:city:ar": null, "toilets": null, "internet_access:fee": null, "shelter": null, "lit": null, "website": null, "layer": null, "public_transport:version": null, "name:kn": null, "alt_name": null, "IR:zone": null, "name:hi": null, "toilets:wheelchair": null, "addr:street": null, "addr:postcode": null, "addr:district": null, "addr:city": null, "disused:railway": null, "subway": "yes", "station": "subway", "disused": null, "construction": null, "name:ml": "പാരഡൈസ്", "historic": null, "name:ar": null, "alt_name:ur": null, "wheelchair": null, "name:fa": "پارادایس", "wikipedia": null, "wikidata": null, "train": null, "ref": null, "public_transport": "station", "platforms": null, "operator": "Hyderabad Metro Rail Limited", "network": "Hyderabad Metro", "name:ur": null, "name:te": "ప్యారడైజ్", "name": "Paradise", "internet_access": null }, "geometry": { "type": "Point", "coordinates": [ 78.4862436, 17.4434668 ] } },
{ "type": "Feature", "properties": { "fid": 61, "full_id": "n7052069760", "osm_id": "7052069760", "osm_type": "node", "railway": "station", "name:ta": null, "internet_access:ssid": null, "addr:place:ur": null, "addr:place:ar": null, "addr:place": null, "addr:city:ur": null, "addr:city:ar": null, "toilets": null, "internet_access:fee": null, "shelter": null, "lit": null, "website": null, "layer": null, "public_transport:version": null, "name:kn": null, "alt_name": null, "IR:zone": null, "name:hi": null, "toilets:wheelchair": null, "addr:street": null, "addr:postcode": null, "addr:district": null, "addr:city": null, "disused:railway": null, "subway": "yes", "station": "subway", "disused": null, "construction": null, "name:ml": "റസൂൽപുര", "historic": null, "name:ar": null, "alt_name:ur": null, "wheelchair": null, "name:fa": "رسول پوره", "wikipedia": null, "wikidata": "Q84358120", "train": null, "ref": null, "public_transport": null, "platforms": null, "operator": "Hyderabad Metro Rail Limited", "network": "Hyderabad Metro", "name:ur": null, "name:te": "రసూల్‌పుర", "name": "Rasoolpura", "internet_access": null }, "geometry": { "type": "Point", "coordinates": [ 78.4764053, 17.443612 ] } },
{ "type": "Feature", "properties": { "fid": 62, "full_id": "n7052069766", "osm_id": "7052069766", "osm_type": "node", "railway": "station", "name:ta": null, "internet_access:ssid": null, "addr:place:ur": null, "addr:place:ar": null, "addr:place": null, "addr:city:ur": null, "addr:city:ar": null, "toilets": null, "internet_access:fee": null, "shelter": null, "lit": null, "website": null, "layer": null, "public_transport:version": null, "name:kn": null, "alt_name": null, "IR:zone": null, "name:hi": null, "toilets:wheelchair": null, "addr:street": null, "addr:postcode": null, "addr:district": null, "addr:city": null, "disused:railway": null, "subway": "yes", "station": "subway", "disused": null, "construction": null, "name:ml": "പ്രകാശ് നഗർ", "historic": null, "name:ar": null, "alt_name:ur": null, "wheelchair": null, "name:fa": "پرکاش نگر", "wikipedia": null, "wikidata": "Q84499965", "train": null, "ref": null, "public_transport": "station", "platforms": null, "operator": "Hyderabad Metro Rail Limited", "network": "Hyderabad Metro", "name:ur": "پرکاش نگر", "name:te": "ప్రకాశ్‌నగర్", "name": "Prakash Nagar", "internet_access": null }, "geometry": { "type": "Point", "coordinates": [ 78.4658749, 17.4448889 ] } },
{ "type": "Feature", "properties": { "fid": 63, "full_id": "n7052069770", "osm_id": "7052069770", "osm_type": "node", "railway": "station", "name:ta": null, "internet_access:ssid": null, "addr:place:ur": null, "addr:place:ar": null, "addr:place": null, "addr:city:ur": null, "addr:city:ar": null, "toilets": null, "internet_access:fee": null, "shelter": null, "lit": null, "website": null, "layer": null, "public_transport:version": null, "name:kn": null, "alt_name": "Taruni Madhura Nagar", "IR:zone": null, "name:hi": null, "toilets:wheelchair": null, "addr:street": null, "addr:postcode": null, "addr:district": null, "addr:city": null, "disused:railway": null, "subway": "yes", "station": "subway", "disused": null, "construction": null, "name:ml": "മധുര നഗർ", "historic": null, "name:ar": null, "alt_name:ur": null, "wheelchair": null, "name:fa": "مدهورا نگر", "wikipedia": null, "wikidata": "Q63250572", "train": null, "ref": null, "public_transport": "station", "platforms": null, "operator": "Hyderabad Metro Rail Limited", "network": "Hyderabad Metro", "name:ur": "مدھورا نگر", "name:te": "మధుర నగర్", "name": "Madhura Nagar", "internet_access": null }, "geometry": { "type": "Point", "coordinates": [ 78.4390993, 17.4369652 ] } },
{ "type": "Feature", "properties": { "fid": 64, "full_id": "n7052069772", "osm_id": "7052069772", "osm_type": "node", "railway": "station", "name:ta": null, "internet_access:ssid": null, "addr:place:ur": null, "addr:place:ar": null, "addr:place": null, "addr:city:ur": null, "addr:city:ar": null, "toilets": null, "internet_access:fee": null, "shelter": null, "lit": null, "website": null, "layer": null, "public_transport:version": null, "name:kn": null, "alt_name": null, "IR:zone": null, "name:hi": null, "toilets:wheelchair": null, "addr:street": null, "addr:postcode": null, "addr:district": null, "addr:city": null, "disused:railway": null, "subway": "yes", "station": "subway", "disused": null, "construction": null, "name:ml": "റോഡ് നമ്പർ 5 ജൂബിലി ഹിൽസ്", "historic": null, "name:ar": null, "alt_name:ur": null, "wheelchair": null, "name:fa": "جاده شماره ۵ جوبیلی هیلز", "wikipedia": null, "wikidata": "Q108874431", "train": null, "ref": null, "public_transport": "station", "platforms": null, "operator": "Hyderabad Metro Rail Limited", "network": "Hyderabad Metro", "name:ur": null, "name:te": "రోడ్ నం 5 జూబిలీ హిల్స్", "name": "Road No 5 Jubilee Hills", "internet_access": null }, "geometry": { "type": "Point", "coordinates": [ 78.4232069, 17.4300489 ] } },
{ "type": "Feature", "properties": { "fid": 65, "full_id": "n7052069774", "osm_id": "7052069774", "osm_type": "node", "railway": "station", "name:ta": null, "internet_access:ssid": null, "addr:place:ur": null, "addr:place:ar": null, "addr:place": null, "addr:city:ur": null, "addr:city:ar": null, "toilets": null, "internet_access:fee": null, "shelter": null, "lit": null, "website": null, "layer": null, "public_transport:version": null, "name:kn": null, "alt_name": null, "IR:zone": null, "name:hi": null, "toilets:wheelchair": null, "addr:street": null, "addr:postcode": null, "addr:district": null, "addr:city": null, "disused:railway": null, "subway": "yes", "station": "subway", "disused": null, "construction": null, "name:ml": "പെദ്ദമ്മ ഗുഡി", "historic": null, "name:ar": null, "alt_name:ur": null, "wheelchair": null, "name:fa": "پداما گودی", "wikipedia": null, "wikidata": "Q84028775", "train": null, "ref": null, "public_transport": "station", "platforms": null, "operator": "Hyderabad Metro Rail Limited", "network": "Hyderabad Metro", "name:ur": "پیدما گڈی", "name:te": "పెద్దమ్మ గుడి", "name": "Peddamma Gudi", "internet_access": null }, "geometry": { "type": "Point", "coordinates": [ 78.4083721, 17.4306512 ] } },
{ "type": "Feature", "properties": { "fid": 66, "full_id": "n7052069775", "osm_id": "7052069775", "osm_type": "node", "railway": "station", "name:ta": null, "internet_access:ssid": null, "addr:place:ur": null, "addr:place:ar": null, "addr:place": null, "addr:city:ur": null, "addr:city:ar": null, "toilets": null, "internet_access:fee": null, "shelter": null, "lit": null, "website": null, "layer": null, "public_transport:version": null, "name:kn": null, "alt_name": null, "IR:zone": null, "name:hi": null, "toilets:wheelchair": null, "addr:street": null, "addr:postcode": null, "addr:district": null, "addr:city": null, "disused:railway": null, "subway": "yes", "station": "subway", "disused": null, "construction": null, "name:ml": "റായ്ദുർഗ്", "historic": null, "name:ar": null, "alt_name:ur": null, "wheelchair": null, "name:fa": "رایدورگ", "wikipedia": null, "wikidata": "Q58814837", "train": null, "ref": null, "public_transport": "station", "platforms": null, "operator": "Hyderabad Metro Rail Limited", "network": "Hyderabad Metro", "name:ur": null, "name:te": "రాయదుర్గ్", "name": "Raidurg", "internet_access": null }, "geometry": { "type": "Point", "coordinates": [ 78.3771819, 17.44218 ] } },
{ "type": "Feature", "properties": { "fid": 67, "full_id": "n7195061310", "osm_id": "7195061310", "osm_type": "node", "railway": "station", "name:ta": null, "internet_access:ssid": null, "addr:place:ur": null, "addr:place:ar": null, "addr:place": null, "addr:city:ur": null, "addr:city:ar": null, "toilets": null, "internet_access:fee": null, "shelter": null, "lit": null, "website": null, "layer": null, "public_transport:version": null, "name:kn": null, "alt_name": null, "IR:zone": null, "name:hi": null, "toilets:wheelchair": null, "addr:street": null, "addr:postcode": null, "addr:district": null, "addr:city": null, "disused:railway": null, "subway": "yes", "station": "subway", "disused": null, "construction": null, "name:ml": "പരേഡ് ഗ്രൗണ്ട്സ്", "historic": null, "name:ar": null, "alt_name:ur": null, "wheelchair": null, "name:fa": "میدان رژه (خط سبز)", "wikipedia": null, "wikidata": null, "train": null, "ref": null, "public_transport": "station", "platforms": null, "operator": "Hyderabad Metro Rail Limited", "network": "Hyderabad Metro", "name:ur": null, "name:te": "పెరేడ్ గ్రౌండ్స్", "name": "Parade Grounds (Green Line)", "internet_access": null }, "geometry": { "type": "Point", "coordinates": [ 78.497584, 17.4444775 ] } },
{ "type": "Feature", "properties": { "fid": 68, "full_id": "n7201054971", "osm_id": "7201054971", "osm_type": "node", "railway": "station", "name:ta": null, "internet_access:ssid": null, "addr:place:ur": null, "addr:place:ar": null, "addr:place": null, "addr:city:ur": null, "addr:city:ar": null, "toilets": null, "internet_access:fee": null, "shelter": null, "lit": null, "website": null, "layer": null, "public_transport:version": null, "name:kn": null, "alt_name": "Jubilee Bus Station", "IR:zone": null, "name:hi": null, "toilets:wheelchair": null, "addr:street": null, "addr:postcode": null, "addr:district": null, "addr:city": null, "disused:railway": null, "subway": "yes", "station": "subway", "disused": null, "construction": null, "name:ml": "ജെബിഎസ്", "historic": null, "name:ar": null, "alt_name:ur": null, "wheelchair": null, "name:fa": "جی بی اس", "wikipedia": null, "wikidata": null, "train": null, "ref": null, "public_transport": "station", "platforms": null, "operator": "Hyderabad Metro Rail Limited", "network": "Hyderabad Metro", "name:ur": null, "name:te": "జె బి ఎస్", "name": "JBS", "internet_access": null }, "geometry": { "type": "Point", "coordinates": [ 78.4964843, 17.4488181 ] } },
{ "type": "Feature", "properties": { "fid": 69, "full_id": "n7206794919", "osm_id": "7206794919", "osm_type": "node", "railway": "station", "name:ta": null, "internet_access:ssid": null, "addr:place:ur": null, "addr:place:ar": null, "addr:place": null, "addr:city:ur": null, "addr:city:ar": null, "toilets": null, "internet_access:fee": null, "shelter": null, "lit": null, "website": null, "layer": null, "public_transport:version": null, "name:kn": null, "alt_name": null, "IR:zone": null, "name:hi": null, "toilets:wheelchair": null, "addr:street": null, "addr:postcode": null, "addr:district": null, "addr:city": null, "disused:railway": null, "subway": "yes", "station": "subway", "disused": null, "construction": null, "name:ml": "ആർ ടി സി ക്രോസ് റോഡ്സ്", "historic": null, "name:ar": null, "alt_name:ur": null, "wheelchair": null, "name:fa": "آر. تی. سی. کراس رودز", "wikipedia": null, "wikidata": "Q108874753", "train": null, "ref": null, "public_transport": "station", "platforms": null, "operator": "Hyderabad Metro Rail Limited", "network": "Hyderabad Metro", "name:ur": null, "name:te": "ఆర్ టీ సి క్రాస్ రోడ్స్", "name": "RTC Cross Roads", "internet_access": null }, "geometry": { "type": "Point", "coordinates": [ 78.4968023, 17.4070321 ] } },
{ "type": "Feature", "properties": { "fid": 70, "full_id": "n7208768626", "osm_id": "7208768626", "osm_type": "node", "railway": "station", "name:ta": null, "internet_access:ssid": null, "addr:place:ur": null, "addr:place:ar": null, "addr:place": null, "addr:city:ur": null, "addr:city:ar": null, "toilets": null, "internet_access:fee": null, "shelter": null, "lit": null, "website": null, "layer": null, "public_transport:version": null, "name:kn": null, "alt_name": "M. G. Bus Station (Red Line)", "IR:zone": null, "name:hi": null, "toilets:wheelchair": null, "addr:street": null, "addr:postcode": null, "addr:district": null, "addr:city": null, "disused:railway": null, "subway": "yes", "station": "subway", "disused": null, "construction": null, "name:ml": "മഹാത്മാഗാന്ധി ബസ് സ്റ്റേഷൻ", "historic": null, "name:ar": null, "alt_name:ur": null, "wheelchair": null, "name:fa": "ایستگاه اتوبوس مهاتما گاندی (خط قرمز)", "wikipedia": null, "wikidata": null, "train": null, "ref": null, "public_transport": "station", "platforms": null, "operator": "Hyderabad Metro Rail Limited", "network": "Hyderabad Metro", "name:ur": "مہاتما گاندھی بس اسٹیشن (ریڈ لائن)", "name:te": "ఎం.జి. బస్. స్టేషన్", "name": "Mahatma Gandhi Bus Station (Red Line)", "internet_access": null }, "geometry": { "type": "Point", "coordinates": [ 78.4862022, 17.3798572 ] } },
{ "type": "Feature", "properties": { "fid": 71, "full_id": "n7208768627", "osm_id": "7208768627", "osm_type": "node", "railway": "station", "name:ta": null, "internet_access:ssid": null, "addr:place:ur": null, "addr:place:ar": null, "addr:place": null, "addr:city:ur": null, "addr:city:ar": null, "toilets": null, "internet_access:fee": null, "shelter": null, "lit": null, "website": null, "layer": null, "public_transport:version": null, "name:kn": null, "alt_name": "M. G. Bus Station (Green Line)", "IR:zone": null, "name:hi": null, "toilets:wheelchair": null, "addr:street": null, "addr:postcode": null, "addr:district": null, "addr:city": null, "disused:railway": null, "subway": "yes", "station": "subway", "disused": null, "construction": null, "name:ml": "മഹാത്മാഗാന്ധി ബസ് സ്റ്റേഷൻ", "historic": null, "name:ar": null, "alt_name:ur": null, "wheelchair": null, "name:fa": "ایستگاه اتوبوس مهاتما گاندی (خط سبز)", "wikipedia": null, "wikidata": null, "train": null, "ref": null, "public_transport": "station", "platforms": null, "operator": "Hyderabad Metro Rail Limited", "network": "Hyderabad Metro", "name:ur": "مہاتما گاندھی بس اسٹیشن (گرین لائن", "name:te": "ఎం.జి. బస్. స్టేషన్", "name": "Mahatma Gandhi Bus Station (Green Line)", "internet_access": null }, "geometry": { "type": "Point", "coordinates": [ 78.4858635, 17.3796948 ] } },
{ "type": "Feature", "properties": { "fid": 72, "full_id": "n7208768628", "osm_id": "7208768628", "osm_type": "node", "railway": "station", "name:ta": null, "internet_access:ssid": null, "addr:place:ur": "مالک پیٹ", "addr:place:ar": "مالك بيت", "addr:place": "Malakpet", "addr:city:ur": "حیدرآباد", "addr:city:ar": "حيدر آباد", "toilets": null, "internet_access:fee": null, "shelter": null, "lit": null, "website": null, "layer": null, "public_transport:version": null, "name:kn": null, "alt_name": null, "IR:zone": null, "name:hi": null, "toilets:wheelchair": null, "addr:street": null, "addr:postcode": null, "addr:district": null, "addr:city": "Hyderabad", "disused:railway": null, "subway": "yes", "station": "subway", "disused": null, "construction": null, "name:ml": "മലക്പേട്ട്", "historic": null, "name:ar": "مالك بيت", "alt_name:ur": "ملک پیٹ", "wheelchair": "yes", "name:fa": "ملک پیت", "wikipedia": null, "wikidata": null, "train": null, "ref": null, "public_transport": "station", "platforms": null, "operator": "Hyderabad Metro Rail Limited", "network": "Hyderabad Metro", "name:ur": "مالک پیٹ", "name:te": "మలక్‌పేట్", "name": "Malakpet", "internet_access": null }, "geometry": { "type": "Point", "coordinates": [ 78.4939356, 17.3771888 ] } },
{ "type": "Feature", "properties": { "fid": 73, "full_id": "n7246815452", "osm_id": "7246815452", "osm_type": "node", "railway": "station", "name:ta": null, "internet_access:ssid": null, "addr:place:ur": null, "addr:place:ar": null, "addr:place": null, "addr:city:ur": null, "addr:city:ar": null, "toilets": null, "internet_access:fee": null, "shelter": null, "lit": null, "website": null, "layer": null, "public_transport:version": null, "name:kn": null, "alt_name": null, "IR:zone": null, "name:hi": null, "toilets:wheelchair": null, "addr:street": null, "addr:postcode": null, "addr:district": null, "addr:city": null, "disused:railway": null, "subway": "yes", "station": "subway", "disused": null, "construction": null, "name:ml": null, "historic": null, "name:ar": null, "alt_name:ur": null, "wheelchair": null, "name:fa": "موسی رام باغ", "wikipedia": null, "wikidata": "Q81640785", "train": null, "ref": null, "public_transport": "station", "platforms": null, "operator": "Hyderabad Metro Rail Limited", "network": "Hyderabad Metro", "name:ur": "موسیٰ رام باغ", "name:te": "మూసరంబాఘ్", "name": "Musarambagh", "internet_access": null }, "geometry": { "type": "Point", "coordinates": [ 78.5119483, 17.3710728 ] } },
{ "type": "Feature", "properties": { "fid": 74, "full_id": "n7358663499", "osm_id": "7358663499", "osm_type": "node", "railway": "station", "name:ta": null, "internet_access:ssid": null, "addr:place:ur": null, "addr:place:ar": null, "addr:place": null, "addr:city:ur": null, "addr:city:ar": null, "toilets": null, "internet_access:fee": null, "shelter": null, "lit": null, "website": null, "layer": null, "public_transport:version": null, "name:kn": null, "alt_name": null, "IR:zone": null, "name:hi": null, "toilets:wheelchair": null, "addr:street": null, "addr:postcode": null, "addr:district": null, "addr:city": null, "disused:railway": null, "subway": "yes", "station": "subway", "disused": null, "construction": null, "name:ml": "സുൽത്താൻ ബസാർ", "historic": null, "name:ar": null, "alt_name:ur": null, "wheelchair": null, "name:fa": "سلطان بازار", "wikipedia": null, "wikidata": null, "train": null, "ref": null, "public_transport": null, "platforms": null, "operator": "Hyderabad Metro Rail Limited", "network": "Hyderabad Metro", "name:ur": null, "name:te": "సుల్తాన్ బజార్", "name": "Sultan Bazar", "internet_access": null }, "geometry": { "type": "Point", "coordinates": [ 78.4840241, 17.3844473 ] } },
{ "type": "Feature", "properties": { "fid": 75, "full_id": "n7358663501", "osm_id": "7358663501", "osm_type": "node", "railway": "station", "name:ta": null, "internet_access:ssid": null, "addr:place:ur": null, "addr:place:ar": null, "addr:place": null, "addr:city:ur": null, "addr:city:ar": null, "toilets": null, "internet_access:fee": null, "shelter": null, "lit": null, "website": null, "layer": null, "public_transport:version": null, "name:kn": null, "alt_name": null, "IR:zone": null, "name:hi": null, "toilets:wheelchair": null, "addr:street": null, "addr:postcode": null, "addr:district": null, "addr:city": null, "disused:railway": null, "subway": "yes", "station": "subway", "disused": null, "construction": null, "name:ml": "നാരായണഗുഡ", "historic": null, "name:ar": null, "alt_name:ur": null, "wheelchair": null, "name:fa": "نارایاناگودا", "wikipedia": null, "wikidata": "Q108874763", "train": null, "ref": null, "public_transport": null, "platforms": null, "operator": "Hyderabad Metro Rail Limited", "network": "Hyderabad Metro", "name:ur": null, "name:te": "నారాయణగూడ", "name": "Narayanaguda", "internet_access": null }, "geometry": { "type": "Point", "coordinates": [ 78.4899578, 17.3943658 ] } },
{ "type": "Feature", "properties": { "fid": 76, "full_id": "n7358663502", "osm_id": "7358663502", "osm_type": "node", "railway": "station", "name:ta": null, "internet_access:ssid": null, "addr:place:ur": null, "addr:place:ar": null, "addr:place": null, "addr:city:ur": null, "addr:city:ar": null, "toilets": null, "internet_access:fee": null, "shelter": null, "lit": null, "website": null, "layer": null, "public_transport:version": null, "name:kn": null, "alt_name": null, "IR:zone": null, "name:hi": null, "toilets:wheelchair": null, "addr:street": null, "addr:postcode": null, "addr:district": null, "addr:city": null, "disused:railway": null, "subway": "yes", "station": "subway", "disused": null, "construction": null, "name:ml": "ചിക്കടപ്പള്ളി", "historic": null, "name:ar": null, "alt_name:ur": null, "wheelchair": null, "name:fa": "چیکادپالی", "wikipedia": null, "wikidata": "Q108874757", "train": null, "ref": null, "public_transport": null, "platforms": null, "operator": "Hyderabad Metro Rail Limited", "network": "Hyderabad Metro", "name:ur": null, "name:te": "చిక్కడపల్లి", "name": "Chikkadpally", "internet_access": null }, "geometry": { "type": "Point", "coordinates": [ 78.4948964, 17.4003634 ] } },
{ "type": "Feature", "properties": { "fid": 77, "full_id": "n7358663503", "osm_id": "7358663503", "osm_type": "node", "railway": "station", "name:ta": null, "internet_access:ssid": null, "addr:place:ur": null, "addr:place:ar": null, "addr:place": null, "addr:city:ur": null, "addr:city:ar": null, "toilets": null, "internet_access:fee": null, "shelter": null, "lit": null, "website": null, "layer": null, "public_transport:version": null, "name:kn": null, "alt_name": null, "IR:zone": null, "name:hi": null, "toilets:wheelchair": null, "addr:street": null, "addr:postcode": null, "addr:district": null, "addr:city": null, "disused:railway": null, "subway": "yes", "station": "subway", "disused": null, "construction": null, "name:ml": "മുഷീറാബാദ്", "historic": null, "name:ar": null, "alt_name:ur": null, "wheelchair": null, "name:fa": "مشیرآباد", "wikipedia": null, "wikidata": "Q84890478", "train": null, "ref": null, "public_transport": null, "platforms": null, "operator": "Hyderabad Metro Rail Limited", "network": "Hyderabad Metro", "name:ur": null, "name:te": "ముషీరాబాద్", "name": "Musheerabad", "internet_access": null }, "geometry": { "type": "Point", "coordinates": [ 78.4995051, 17.4178744 ] } },
{ "type": "Feature", "properties": { "fid": 78, "full_id": "n7358663506", "osm_id": "7358663506", "osm_type": "node", "railway": "station", "name:ta": null, "internet_access:ssid": null, "addr:place:ur": null, "addr:place:ar": null, "addr:place": null, "addr:city:ur": null, "addr:city:ar": null, "toilets": null, "internet_access:fee": null, "shelter": null, "lit": null, "website": null, "layer": null, "public_transport:version": null, "name:kn": null, "alt_name": null, "IR:zone": null, "name:hi": null, "toilets:wheelchair": null, "addr:street": null, "addr:postcode": null, "addr:district": null, "addr:city": null, "disused:railway": null, "subway": "yes", "station": "subway", "disused": null, "construction": null, "name:ml": "ഗാന്ധി ഹോസ്പിറ്റൽ", "historic": null, "name:ar": null, "alt_name:ur": null, "wheelchair": null, "name:fa": "بیمارستان گاندی", "wikipedia": null, "wikidata": "Q84766563", "train": null, "ref": null, "public_transport": null, "platforms": null, "operator": "Hyderabad Metro Rail Limited", "network": "Hyderabad Metro", "name:ur": null, "name:te": "గాంధీ హాస్పిటల్", "name": "Gandhi Hospital", "internet_access": null }, "geometry": { "type": "Point", "coordinates": [ 78.501956, 17.4255155 ] } },
{ "type": "Feature", "properties": { "fid": 79, "full_id": "n7358663518", "osm_id": "7358663518", "osm_type": "node", "railway": "station", "name:ta": null, "internet_access:ssid": null, "addr:place:ur": null, "addr:place:ar": null, "addr:place": null, "addr:city:ur": null, "addr:city:ar": null, "toilets": null, "internet_access:fee": null, "shelter": null, "lit": null, "website": null, "layer": null, "public_transport:version": null, "name:kn": null, "alt_name": null, "IR:zone": null, "name:hi": null, "toilets:wheelchair": null, "addr:street": null, "addr:postcode": null, "addr:district": null, "addr:city": null, "disused:railway": null, "subway": "yes", "station": "subway", "disused": null, "construction": null, "name:ml": "സെക്കന്ദ്രാബാദ് വെസ്റ്റ്", "historic": null, "name:ar": null, "alt_name:ur": null, "wheelchair": null, "name:fa": "سکندرآباد غربی", "wikipedia": null, "wikidata": "Q108874730", "train": null, "ref": null, "public_transport": "station", "platforms": null, "operator": "Hyderabad Metro Rail Limited", "network": "Hyderabad Metro", "name:ur": "سکندر آباد ویسٹ", "name:te": "సికింద్రాబాద్ వెస్ట్", "name": "Secunderabad West", "internet_access": null }, "geometry": { "type": "Point", "coordinates": [ 78.4995181, 17.4338034 ] } },
{ "type": "Feature", "properties": { "fid": 80, "full_id": "n9144573053", "osm_id": "9144573053", "osm_type": "node", "railway": "station", "name:ta": null, "internet_access:ssid": null, "addr:place:ur": null, "addr:place:ar": null, "addr:place": null, "addr:city:ur": null, "addr:city:ar": null, "toilets": null, "internet_access:fee": null, "shelter": "yes", "lit": "yes", "website": null, "layer": "1", "public_transport:version": "2", "name:kn": null, "alt_name": null, "IR:zone": null, "name:hi": null, "toilets:wheelchair": null, "addr:street": null, "addr:postcode": null, "addr:district": null, "addr:city": null, "disused:railway": null, "subway": "yes", "station": "subway", "disused": null, "construction": null, "name:ml": "മാധാപൂർ", "historic": null, "name:ar": null, "alt_name:ur": null, "wheelchair": "yes", "name:fa": "مادهاپور", "wikipedia": null, "wikidata": "Q83637027", "train": null, "ref": null, "public_transport": "station", "platforms": "2", "operator": "Hyderabad Metro Rail Limited", "network": "Hyderabad Metro", "name:ur": null, "name:te": "మాధాపూర్", "name": "Madhapur", "internet_access": null }, "geometry": { "type": "Point", "coordinates": [ 78.4004257, 17.4372637 ] } },
{ "type": "Feature", "properties": { "fid": 81, "full_id": "n10252989488", "osm_id": "10252989488", "osm_type": "node", "railway": "station", "name:ta": "செகந்திராபாத் சந்திப்பு", "internet_access:ssid": "Rail Wire Free Wi-Fi", "addr:place:ur": null, "addr:place:ar": null, "addr:place": null, "addr:city:ur": null, "addr:city:ar": null, "toilets": null, "internet_access:fee": "yes", "shelter": null, "lit": null, "website": null, "layer": null, "public_transport:version": null, "name:kn": "ಸಿಕಂದರಾಬಾದ್ ಜಂಕ್ಷನ್", "alt_name": null, "IR:zone": null, "name:hi": "सिकंदराबाद जंक्शन", "toilets:wheelchair": null, "addr:street": "Station Road", "addr:postcode": "500003", "addr:district": null, "addr:city": "Secunderabad", "disused:railway": null, "subway": null, "station": null, "disused": null, "construction": null, "name:ml": "സെക്കന്തരാബാദ് ജംഗ്ഷൻ", "historic": null, "name:ar": null, "alt_name:ur": null, "wheelchair": "yes", "name:fa": null, "wikipedia": "en:Secunderabad Junction railway station", "wikidata": "Q7444810", "train": "yes", "ref": "SC", "public_transport": "station", "platforms": "10", "operator": "South Central Railway", "network": "Indian Railways", "name:ur": "سکندر آباد جنکشن", "name:te": "సికింద్రాబాద్ జంక్షన్", "name": "Secunderabad Junction", "internet_access": "wlan" }, "geometry": { "type": "Point", "coordinates": [ 78.502051, 17.4338591 ] } },
{ "type": "Feature", "properties": { "fid": 82, "full_id": "n10279821749", "osm_id": "10279821749", "osm_type": "node", "railway": "station", "name:ta": null, "internet_access:ssid": null, "addr:place:ur": null, "addr:place:ar": null, "addr:place": null, "addr:city:ur": null, "addr:city:ar": null, "toilets": null, "internet_access:fee": null, "shelter": null, "lit": null, "website": null, "layer": null, "public_transport:version": null, "name:kn": null, "alt_name": "محبوب گنج", "IR:zone": null, "name:hi": null, "toilets:wheelchair": null, "addr:street": null, "addr:postcode": null, "addr:district": null, "addr:city": null, "disused:railway": null, "subway": "yes", "station": "subway", "disused": null, "construction": null, "name:ml": "ന്യൂമാർക്കറ്റ്", "historic": null, "name:ar": null, "alt_name:ur": null, "wheelchair": null, "name:fa": "بازار جدید", "wikipedia": null, "wikidata": "Q81483949", "train": null, "ref": null, "public_transport": "station", "platforms": null, "operator": "Hyderabad Metro Rail Limited", "network": "Hyderabad Metro", "name:ur": "نئی مارکیٹ", "name:te": "కొత్త మార్కెట్", "name": "New Market", "internet_access": null }, "geometry": { "type": "Point", "coordinates": [ 78.5031775, 17.3734268 ] } },
{ "type": "Feature", "properties": { "fid": 83, "full_id": "n11737669094", "osm_id": "11737669094", "osm_type": "node", "railway": "station", "name:ta": null, "internet_access:ssid": null, "addr:place:ur": null, "addr:place:ar": null, "addr:place": null, "addr:city:ur": null, "addr:city:ar": null, "toilets": null, "internet_access:fee": null, "shelter": null, "lit": null, "website": null, "layer": null, "public_transport:version": null, "name:kn": null, "alt_name": null, "IR:zone": null, "name:hi": null, "toilets:wheelchair": null, "addr:street": null, "addr:postcode": null, "addr:district": null, "addr:city": null, "disused:railway": null, "subway": "yes", "station": "subway", "disused": null, "construction": null, "name:ml": "ജെ എൻ ടി യു കോളേജ്", "historic": null, "name:ar": null, "alt_name:ur": null, "wheelchair": null, "name:fa": "جی.ان.تی.یو کالج", "wikipedia": null, "wikidata": "Q84250421", "train": null, "ref": null, "public_transport": "station", "platforms": null, "operator": "Hyderabad Metro Rail Limited", "network": "Hyderabad Metro", "name:ur": null, "name:te": "జె.ఎన్.టి.యూ కాలేజి", "name": "JNTU College", "internet_access": null }, "geometry": { "type": "Point", "coordinates": [ 78.3888661, 17.4986555 ] } },
{ "type": "Feature", "properties": { "fid": 84, "full_id": "n11737669096", "osm_id": "11737669096", "osm_type": "node", "railway": "station", "name:ta": null, "internet_access:ssid": null, "addr:place:ur": null, "addr:place:ar": null, "addr:place": null, "addr:city:ur": null, "addr:city:ar": null, "toilets": null, "internet_access:fee": null, "shelter": null, "lit": null, "website": null, "layer": null, "public_transport:version": null, "name:kn": null, "alt_name": null, "IR:zone": null, "name:hi": null, "toilets:wheelchair": null, "addr:street": null, "addr:postcode": null, "addr:district": null, "addr:city": null, "disused:railway": null, "subway": "yes", "station": "subway", "disused": null, "construction": null, "name:ml": "കെ പി എച്ച് ബി കോളനി", "historic": null, "name:ar": null, "alt_name:ur": null, "wheelchair": null, "name:fa": "مستعمره کی پی اچ بی", "wikipedia": null, "wikidata": "Q85773083", "train": null, "ref": null, "public_transport": "station", "platforms": null, "operator": "Hyderabad Metro Rail Limited", "network": "Hyderabad Metro", "name:ur": null, "name:te": "కె.పి.హెచ్.బి కాలనీ", "name": "KPHB Colony", "internet_access": null }, "geometry": { "type": "Point", "coordinates": [ 78.4017651, 17.4938025 ] } },
{ "type": "Feature", "properties": { "fid": 85, "full_id": "n11737669097", "osm_id": "11737669097", "osm_type": "node", "railway": "station", "name:ta": null, "internet_access:ssid": null, "addr:place:ur": null, "addr:place:ar": null, "addr:place": null, "addr:city:ur": null, "addr:city:ar": null, "toilets": null, "internet_access:fee": null, "shelter": null, "lit": null, "website": null, "layer": null, "public_transport:version": null, "name:kn": null, "alt_name": null, "IR:zone": null, "name:hi": null, "toilets:wheelchair": null, "addr:street": null, "addr:postcode": null, "addr:district": null, "addr:city": null, "disused:railway": null, "subway": "yes", "station": "subway", "disused": null, "construction": null, "name:ml": "മിയാപൂർ", "historic": null, "name:ar": null, "alt_name:ur": null, "wheelchair": "yes", "name:fa": "میاپور", "wikipedia": null, "wikidata": "Q58814840", "train": null, "ref": null, "public_transport": "station", "platforms": null, "operator": "Hyderabad Metro Rail Limited", "network": "Hyderabad Metro", "name:ur": null, "name:te": "మియాపూర్", "name": "Miyapur", "internet_access": null }, "geometry": { "type": "Point", "coordinates": [ 78.3730252, 17.4965392 ] } },
{ "type": "Feature", "properties": { "fid": 86, "full_id": "n11737669098", "osm_id": "11737669098", "osm_type": "node", "railway": "station", "name:ta": null, "internet_access:ssid": null, "addr:place:ur": null, "addr:place:ar": null, "addr:place": null, "addr:city:ur": null, "addr:city:ar": null, "toilets": null, "internet_access:fee": null, "shelter": null, "lit": null, "website": null, "layer": null, "public_transport:version": null, "name:kn": null, "alt_name": null, "IR:zone": null, "name:hi": null, "toilets:wheelchair": null, "addr:street": null, "addr:postcode": null, "addr:district": null, "addr:city": null, "disused:railway": null, "subway": "yes", "station": "subway", "disused": null, "construction": null, "name:ml": "വിക്ടോറിയ മെമ്മോറിയൽ", "historic": null, "name:ar": null, "alt_name:ur": null, "wheelchair": "yes", "name:fa": "یادبود ویکتوریا", "wikipedia": null, "wikidata": "Q58814872", "train": null, "ref": null, "public_transport": "station", "platforms": null, "operator": "Hyderabad Metro Rail Limited", "network": "Hyderabad Metro", "name:ur": "وکٹوریہ میومریل", "name:te": "విక్టోరియా మెమోరియల్", "name": "Victoria Memorial", "internet_access": null }, "geometry": { "type": "Point", "coordinates": [ 78.5439302, 17.3618537 ] } },
{ "type": "Feature", "properties": { "fid": 87, "full_id": "n11737669099", "osm_id": "11737669099", "osm_type": "node", "railway": "station", "name:ta": null, "internet_access:ssid": null, "addr:place:ur": null, "addr:place:ar": null, "addr:place": null, "addr:city:ur": null, "addr:city:ar": null, "toilets": null, "internet_access:fee": null, "shelter": null, "lit": null, "website": null, "layer": null, "public_transport:version": null, "name:kn": null, "alt_name": null, "IR:zone": null, "name:hi": null, "toilets:wheelchair": null, "addr:street": null, "addr:postcode": null, "addr:district": null, "addr:city": null, "disused:railway": null, "subway": "yes", "station": "subway", "disused": null, "construction": null, "name:ml": "ദിൽസുഖ്നഗർ", "historic": null, "name:ar": null, "alt_name:ur": null, "wheelchair": "yes", "name:fa": "دلسوخ نگر", "wikipedia": null, "wikidata": "Q81724990", "train": null, "ref": null, "public_transport": "station", "platforms": null, "operator": "Hyderabad Metro Rail Limited", "network": "Hyderabad Metro", "name:ur": "دِل سُکھ نگر", "name:te": "దిల్‌సుఖ్‌నగర్", "name": "Dilsukh Nagar", "internet_access": null }, "geometry": { "type": "Point", "coordinates": [ 78.5257172, 17.3685518 ] } },
{ "type": "Feature", "properties": { "fid": 88, "full_id": "n11737669100", "osm_id": "11737669100", "osm_type": "node", "railway": "station", "name:ta": null, "internet_access:ssid": null, "addr:place:ur": null, "addr:place:ar": null, "addr:place": null, "addr:city:ur": null, "addr:city:ar": null, "toilets": null, "internet_access:fee": null, "shelter": null, "lit": null, "website": null, "layer": null, "public_transport:version": null, "name:kn": null, "alt_name": null, "IR:zone": null, "name:hi": null, "toilets:wheelchair": null, "addr:street": null, "addr:postcode": null, "addr:district": null, "addr:city": null, "disused:railway": null, "subway": "yes", "station": "subway", "disused": null, "construction": null, "name:ml": "എൽ ബി നഗർ", "historic": null, "name:ar": null, "alt_name:ur": null, "wheelchair": "yes", "name:fa": "ال بی نگر", "wikipedia": null, "wikidata": "Q58814838", "train": null, "ref": null, "public_transport": "station", "platforms": null, "operator": "Hyderabad Metro Rail Limited", "network": "Hyderabad Metro", "name:ur": null, "name:te": "ఎల్.బి. నగర్", "name": "L. B. Nagar Metro Station", "internet_access": null }, "geometry": { "type": "Point", "coordinates": [ 78.5479138, 17.3498286 ] } },
{ "type": "Feature", "properties": { "fid": 89, "full_id": "n11738179187", "osm_id": "11738179187", "osm_type": "node", "railway": "station", "name:ta": null, "internet_access:ssid": null, "addr:place:ur": null, "addr:place:ar": null, "addr:place": null, "addr:city:ur": null, "addr:city:ar": null, "toilets": null, "internet_access:fee": null, "shelter": null, "lit": null, "website": "https://hmrl.co.in", "layer": null, "public_transport:version": null, "name:kn": null, "alt_name": "OMC", "IR:zone": null, "name:hi": null, "toilets:wheelchair": null, "addr:street": null, "addr:postcode": null, "addr:district": null, "addr:city": null, "disused:railway": null, "subway": "yes", "station": "subway", "disused": null, "construction": null, "name:ml": "ഉസ്മാനിയ മെഡിക്കൽ കോളേജ്", "historic": null, "name:ar": null, "alt_name:ur": null, "wheelchair": "yes", "name:fa": "کالج پزشکی عثمانیه", "wikipedia": null, "wikidata": "Q83859784", "train": null, "ref": null, "public_transport": "station", "platforms": null, "operator": "Hyderabad Metro Rail Limited", "network": "Hyderabad Metro", "name:ur": "عثمانیہ میڈیکل کالج", "name:te": "ఉస్మానియా వైద్య కళాశాల", "name": "Osmania Medical College", "internet_access": "no" }, "geometry": { "type": "Point", "coordinates": [ 78.4811327, 17.3823471 ] } },
{ "type": "Feature", "properties": { "fid": 90, "full_id": "n11738179188", "osm_id": "11738179188", "osm_type": "node", "railway": "station", "name:ta": null, "internet_access:ssid": null, "addr:place:ur": null, "addr:place:ar": null, "addr:place": null, "addr:city:ur": null, "addr:city:ar": null, "toilets": null, "internet_access:fee": null, "shelter": null, "lit": null, "website": "https://hmrl.co.in", "layer": null, "public_transport:version": null, "name:kn": null, "alt_name": null, "IR:zone": null, "name:hi": null, "toilets:wheelchair": null, "addr:street": null, "addr:postcode": null, "addr:district": null, "addr:city": null, "disused:railway": null, "subway": "yes", "station": "subway", "disused": null, "construction": null, "name:ml": "നാമ്പള്ളി", "historic": null, "name:ar": null, "alt_name:ur": null, "wheelchair": "yes", "name:fa": "نامپالی", "wikipedia": null, "wikidata": "Q63346685", "train": null, "ref": null, "public_transport": "station", "platforms": null, "operator": "Hyderabad Metro Rail Limited", "network": "Hyderabad Metro", "name:ur": "نامپلّی", "name:te": "నాంపల్లి", "name": "Nampally", "internet_access": "no" }, "geometry": { "type": "Point", "coordinates": [ 78.4701477, 17.3923995 ] } },
{ "type": "Feature", "properties": { "fid": 91, "full_id": "n11738179189", "osm_id": "11738179189", "osm_type": "node", "railway": "station", "name:ta": null, "internet_access:ssid": null, "addr:place:ur": null, "addr:place:ar": null, "addr:place": null, "addr:city:ur": null, "addr:city:ar": null, "toilets": null, "internet_access:fee": null, "shelter": null, "lit": null, "website": "https://hmrl.co.in", "layer": null, "public_transport:version": null, "name:kn": null, "alt_name": null, "IR:zone": null, "name:hi": null, "toilets:wheelchair": null, "addr:street": null, "addr:postcode": null, "addr:district": null, "addr:city": null, "disused:railway": null, "subway": "yes", "station": "subway", "disused": null, "construction": null, "name:ml": "മൂസാപ്പേട്ട്", "historic": null, "name:ar": null, "alt_name:ur": null, "wheelchair": "yes", "name:fa": "موسی پیت", "wikipedia": null, "wikidata": "Q82256850", "train": null, "ref": null, "public_transport": "station", "platforms": null, "operator": "Hyderabad Metro Rail Limited", "network": "Hyderabad Metro", "name:ur": "موسیٰ پیٹ", "name:te": "మూసాపేట్", "name": "Moosapet", "internet_access": "no" }, "geometry": { "type": "Point", "coordinates": [ 78.4260361, 17.4719703 ] } },
{ "type": "Feature", "properties": { "fid": 92, "full_id": "n11738179190", "osm_id": "11738179190", "osm_type": "node", "railway": "station", "name:ta": null, "internet_access:ssid": null, "addr:place:ur": null, "addr:place:ar": null, "addr:place": null, "addr:city:ur": null, "addr:city:ar": null, "toilets": null, "internet_access:fee": null, "shelter": null, "lit": null, "website": "https://hmrl.co.in", "layer": null, "public_transport:version": null, "name:kn": null, "alt_name": null, "IR:zone": null, "name:hi": null, "toilets:wheelchair": null, "addr:street": null, "addr:postcode": null, "addr:district": null, "addr:city": null, "disused:railway": null, "subway": "yes", "station": "subway", "disused": null, "construction": null, "name:ml": "ലക്ഡി-കാ-പുൽ", "historic": null, "name:ar": null, "alt_name:ur": null, "wheelchair": "yes", "name:fa": "لکدی-کا-پل", "wikipedia": null, "wikidata": null, "train": null, "ref": null, "public_transport": "station", "platforms": null, "operator": "Hyderabad Metro Rail Limited", "network": "Hyderabad Metro", "name:ur": "لکڑی کا پل", "name:te": "లక్డి-కా-పుల్", "name": "Lakdi-ka-pul", "internet_access": "no" }, "geometry": { "type": "Point", "coordinates": [ 78.4650247, 17.4039063 ] } },
{ "type": "Feature", "properties": { "fid": 93, "full_id": "n11738179191", "osm_id": "11738179191", "osm_type": "node", "railway": "station", "name:ta": null, "internet_access:ssid": null, "addr:place:ur": null, "addr:place:ar": null, "addr:place": null, "addr:city:ur": null, "addr:city:ar": null, "toilets": null, "internet_access:fee": null, "shelter": null, "lit": null, "website": "https://hmrl.co.in", "layer": null, "public_transport:version": null, "name:kn": null, "alt_name": null, "IR:zone": null, "name:hi": null, "toilets:wheelchair": null, "addr:street": null, "addr:postcode": null, "addr:district": null, "addr:city": null, "disused:railway": null, "subway": "yes", "station": "subway", "disused": null, "construction": null, "name:ml": "ഖൈരതാബാദ്", "historic": null, "name:ar": null, "alt_name:ur": null, "wheelchair": "yes", "name:fa": "خیرت آباد", "wikipedia": null, "wikidata": null, "train": null, "ref": null, "public_transport": "station", "platforms": null, "operator": "Hyderabad Metro Rail Limited", "network": "Hyderabad Metro", "name:ur": "خیرت آباد", "name:te": "ఖైరతాబాద్", "name": "Khairatabad", "internet_access": "no" }, "geometry": { "type": "Point", "coordinates": [ 78.4608458, 17.4115319 ] } },
{ "type": "Feature", "properties": { "fid": 94, "full_id": "n11738179193", "osm_id": "11738179193", "osm_type": "node", "railway": "station", "name:ta": null, "internet_access:ssid": null, "addr:place:ur": null, "addr:place:ar": null, "addr:place": null, "addr:city:ur": null, "addr:city:ar": null, "toilets": null, "internet_access:fee": null, "shelter": null, "lit": null, "website": "https://hmrl.co.in", "layer": null, "public_transport:version": null, "name:kn": null, "alt_name": null, "IR:zone": null, "name:hi": null, "toilets:wheelchair": null, "addr:street": null, "addr:postcode": null, "addr:district": null, "addr:city": null, "disused:railway": null, "subway": "yes", "station": "subway", "disused": null, "construction": null, "name:ml": "എറം മൻസിൽ", "historic": null, "name:ar": null, "alt_name:ur": null, "wheelchair": "yes", "name:fa": "ارم منزل", "wikipedia": null, "wikidata": "Q85770033", "train": null, "ref": null, "public_transport": "station", "platforms": null, "operator": "Hyderabad Metro Rail Limited", "network": "Hyderabad Metro", "name:ur": "ارم منزل", "name:te": "ఇఱం మంజిల్", "name": "Irrum Manzil", "internet_access": "no" }, "geometry": { "type": "Point", "coordinates": [ 78.456101, 17.4205559 ] } },
{ "type": "Feature", "properties": { "fid": 95, "full_id": "n11738179194", "osm_id": "11738179194", "osm_type": "node", "railway": "station", "name:ta": null, "internet_access:ssid": null, "addr:place:ur": null, "addr:place:ar": null, "addr:place": null, "addr:city:ur": null, "addr:city:ar": null, "toilets": null, "internet_access:fee": null, "shelter": null, "lit": null, "website": "https://hmrl.co.in", "layer": null, "public_transport:version": null, "name:kn": null, "alt_name": null, "IR:zone": null, "name:hi": null, "toilets:wheelchair": null, "addr:street": null, "addr:postcode": null, "addr:district": null, "addr:city": null, "disused:railway": null, "subway": "yes", "station": "subway", "disused": null, "construction": null, "name:ml": "ഗാന്ധി ഭവൻ", "historic": null, "name:ar": null, "alt_name:ur": null, "wheelchair": "yes", "name:fa": "گاندی بهاوان", "wikipedia": null, "wikidata": "Q62860405", "train": null, "ref": null, "public_transport": "station", "platforms": null, "operator": "Hyderabad Metro Rail Limited", "network": "Hyderabad Metro", "name:ur": "گاندھی بھون", "name:te": "గాంధీ భవన్", "name": "Gandhi Bhavan", "internet_access": "no" }, "geometry": { "type": "Point", "coordinates": [ 78.4730995, 17.3861073 ] } },
{ "type": "Feature", "properties": { "fid": 96, "full_id": "n11738179195", "osm_id": "11738179195", "osm_type": "node", "railway": "station", "name:ta": null, "internet_access:ssid": null, "addr:place:ur": null, "addr:place:ar": null, "addr:place": null, "addr:city:ur": null, "addr:city:ar": null, "toilets": null, "internet_access:fee": null, "shelter": null, "lit": null, "website": "https://hmrl.co.in", "layer": null, "public_transport:version": null, "name:kn": null, "alt_name": null, "IR:zone": null, "name:hi": null, "toilets:wheelchair": null, "addr:street": null, "addr:postcode": null, "addr:district": null, "addr:city": null, "disused:railway": null, "subway": "yes", "station": "subway", "disused": null, "construction": null, "name:ml": "ഇ.എസ്.ഐ ആശുപത്രി", "historic": null, "name:ar": null, "alt_name:ur": null, "wheelchair": "yes", "name:fa": "بیمارستان ای اس آی", "wikipedia": null, "wikidata": "Q83008743", "train": null, "ref": null, "public_transport": "station", "platforms": null, "operator": "Hyderabad Metro Rail Limited", "network": "Hyderabad Metro", "name:ur": null, "name:te": "ఈ.ఎస్.ఐ ఆస్పత్రి", "name": "ESI Hospital", "internet_access": "no" }, "geometry": { "type": "Point", "coordinates": [ 78.4383501, 17.4474042 ] } },
{ "type": "Feature", "properties": { "fid": 97, "full_id": "n11738179196", "osm_id": "11738179196", "osm_type": "node", "railway": "station", "name:ta": null, "internet_access:ssid": null, "addr:place:ur": null, "addr:place:ar": null, "addr:place": null, "addr:city:ur": null, "addr:city:ar": null, "toilets": null, "internet_access:fee": null, "shelter": null, "lit": null, "website": "https://hmrl.co.in", "layer": null, "public_transport:version": null, "name:kn": null, "alt_name": null, "IR:zone": null, "name:hi": null, "toilets:wheelchair": null, "addr:street": null, "addr:postcode": null, "addr:district": null, "addr:city": null, "disused:railway": null, "subway": "yes", "station": "subway", "disused": null, "construction": null, "name:ml": "എറഗഢ", "historic": null, "name:ar": null, "alt_name:ur": null, "wheelchair": "yes", "name:fa": "اراگدا", "wikipedia": null, "wikidata": "Q82698806", "train": null, "ref": null, "public_transport": "station", "platforms": null, "operator": "Hyderabad Metro Rail Limited", "network": "Hyderabad Metro", "name:ur": "ایرہ گڈہ", "name:te": "ఎర్రగడ్డ", "name": "Erragadda", "internet_access": "no" }, "geometry": { "type": "Point", "coordinates": [ 78.4334618, 17.4573276 ] } },
{ "type": "Feature", "properties": { "fid": 98, "full_id": "n11738179197", "osm_id": "11738179197", "osm_type": "node", "railway": "station", "name:ta": null, "internet_access:ssid": null, "addr:place:ur": null, "addr:place:ar": null, "addr:place": null, "addr:city:ur": null, "addr:city:ar": null, "toilets": null, "internet_access:fee": null, "shelter": null, "lit": null, "website": "https://hmrl.co.in", "layer": null, "public_transport:version": null, "name:kn": null, "alt_name": null, "IR:zone": null, "name:hi": null, "toilets:wheelchair": null, "addr:street": null, "addr:postcode": null, "addr:district": null, "addr:city": null, "disused:railway": null, "subway": "yes", "station": "subway", "disused": null, "construction": null, "name:ml": "ചൈതന്യപുരി", "historic": null, "name:ar": null, "alt_name:ur": null, "wheelchair": "yes", "name:fa": "چایتانیاپوری", "wikipedia": null, "wikidata": "Q81820840", "train": null, "ref": null, "public_transport": "station", "platforms": null, "operator": "Hyderabad Metro Rail Limited", "network": "Hyderabad Metro", "name:ur": "چیتنیہ پوری", "name:te": "ఛైతన్యపురి", "name": "Chaitanyapuri", "internet_access": "no" }, "geometry": { "type": "Point", "coordinates": [ 78.5359409, 17.368286 ] } },
{ "type": "Feature", "properties": { "fid": 99, "full_id": "n11738179198", "osm_id": "11738179198", "osm_type": "node", "railway": "station", "name:ta": null, "internet_access:ssid": null, "addr:place:ur": null, "addr:place:ar": null, "addr:place": null, "addr:city:ur": null, "addr:city:ar": null, "toilets": null, "internet_access:fee": null, "shelter": null, "lit": null, "website": "https://hmrl.co.in", "layer": null, "public_transport:version": null, "name:kn": null, "alt_name": null, "IR:zone": null, "name:hi": null, "toilets:wheelchair": null, "addr:street": null, "addr:postcode": null, "addr:district": null, "addr:city": null, "disused:railway": null, "subway": "yes", "station": "subway", "disused": null, "construction": null, "name:ml": "ഭരത് നഗർ", "historic": null, "name:ar": null, "alt_name:ur": null, "wheelchair": "yes", "name:fa": "بهرت نگر", "wikipedia": null, "wikidata": "Q82532536", "train": null, "ref": null, "public_transport": "station", "platforms": null, "operator": "Hyderabad Metro Rail Limited", "network": "Hyderabad Metro", "name:ur": null, "name:te": "భరత్ నగర్", "name": "Bharat Nagar", "internet_access": "no" }, "geometry": { "type": "Point", "coordinates": [ 78.4300051, 17.4641604 ] } },
{ "type": "Feature", "properties": { "fid": 100, "full_id": "n11738179199", "osm_id": "11738179199", "osm_type": "node", "railway": "station", "name:ta": null, "internet_access:ssid": null, "addr:place:ur": null, "addr:place:ar": null, "addr:place": null, "addr:city:ur": null, "addr:city:ar": null, "toilets": null, "internet_access:fee": null, "shelter": null, "lit": null, "website": "https://hmrl.co.in", "layer": null, "public_transport:version": null, "name:kn": null, "alt_name": null, "IR:zone": null, "name:hi": null, "toilets:wheelchair": null, "addr:street": null, "addr:postcode": null, "addr:district": null, "addr:city": null, "disused:railway": null, "subway": "yes", "station": "subway", "disused": null, "construction": null, "name:ml": "ബാലാനഗർ", "historic": null, "name:ar": null, "alt_name:ur": null, "wheelchair": "yes", "name:fa": "بالانگر", "wikipedia": null, "wikidata": "Q82064377", "train": null, "ref": null, "public_transport": "station", "platforms": null, "operator": "Hyderabad Metro Rail Limited", "network": "Hyderabad Metro", "name:ur": "بالا نگر", "name:te": "బాలానగర్", "name": "Balanagar", "internet_access": "no" }, "geometry": { "type": "Point", "coordinates": [ 78.4219645, 17.4768224 ] } },
{ "type": "Feature", "properties": { "fid": 101, "full_id": "n11738179200", "osm_id": "11738179200", "osm_type": "node", "railway": "station", "name:ta": null, "internet_access:ssid": null, "addr:place:ur": null, "addr:place:ar": null, "addr:place": null, "addr:city:ur": null, "addr:city:ar": null, "toilets": null, "internet_access:fee": null, "shelter": null, "lit": null, "website": "https://hmrl.co.in", "layer": null, "public_transport:version": null, "name:kn": null, "alt_name": null, "IR:zone": null, "name:hi": null, "toilets:wheelchair": null, "addr:street": null, "addr:postcode": null, "addr:district": null, "addr:city": null, "disused:railway": null, "subway": "yes", "station": "subway", "disused": null, "construction": null, "name:ml": "അസംബ്ലി", "historic": null, "name:ar": null, "alt_name:ur": null, "wheelchair": "yes", "name:fa": "اسمبلی", "wikipedia": null, "wikidata": "Q83718950", "train": null, "ref": null, "public_transport": "station", "platforms": null, "operator": "Hyderabad Metro Rail Limited", "network": "Hyderabad Metro", "name:ur": "اسمبلی", "name:te": "అసెంబ్లీ", "name": "Assembly", "internet_access": "no" }, "geometry": { "type": "Point", "coordinates": [ 78.4708176, 17.3981092 ] } },
{ "type": "Feature", "properties": { "fid": 102, "full_id": "n11738663633", "osm_id": "11738663633", "osm_type": "node", "railway": "station", "name:ta": null, "internet_access:ssid": null, "addr:place:ur": null, "addr:place:ar": null, "addr:place": null, "addr:city:ur": null, "addr:city:ar": null, "toilets": null, "internet_access:fee": null, "shelter": null, "lit": null, "website": "https://hmrl.co.in", "layer": null, "public_transport:version": null, "name:kn": null, "alt_name": null, "IR:zone": null, "name:hi": null, "toilets:wheelchair": null, "addr:street": null, "addr:postcode": null, "addr:district": null, "addr:city": null, "disused:railway": null, "subway": "yes", "station": "subway", "disused": null, "construction": null, "name:ml": "പഞ്ചഗുട്ട", "historic": null, "name:ar": null, "alt_name:ur": null, "wheelchair": "yes", "name:fa": "پنجاگوتا", "wikipedia": null, "wikidata": null, "train": null, "ref": null, "public_transport": "station", "platforms": null, "operator": "Hyderabad Metro Rail Limited", "network": "Hyderabad Metro", "name:ur": "پنجہ گٹہ", "name:te": "పంజాగుట్ట", "name": "Panjagutta", "internet_access": "no" }, "geometry": { "type": "Point", "coordinates": [ 78.4511322, 17.4286312 ] } },
{ "type": "Feature", "properties": { "fid": 103, "full_id": "n12115364967", "osm_id": "12115364967", "osm_type": "node", "railway": "station", "name:ta": null, "internet_access:ssid": null, "addr:place:ur": null, "addr:place:ar": null, "addr:place": null, "addr:city:ur": null, "addr:city:ar": null, "toilets": null, "internet_access:fee": null, "shelter": null, "lit": null, "website": null, "layer": null, "public_transport:version": null, "name:kn": null, "alt_name": null, "IR:zone": null, "name:hi": null, "toilets:wheelchair": null, "addr:street": null, "addr:postcode": null, "addr:district": null, "addr:city": null, "disused:railway": null, "subway": null, "station": null, "disused": null, "construction": null, "name:ml": null, "historic": null, "name:ar": null, "alt_name:ur": null, "wheelchair": null, "name:fa": null, "wikipedia": null, "wikidata": null, "train": null, "ref": null, "public_transport": "station", "platforms": null, "operator": "South Central Railway", "network": null, "name:ur": null, "name:te": null, "name": "Bhudevi Nagar", "internet_access": null }, "geometry": { "type": "Point", "coordinates": [ 78.5021679, 17.4929657 ] } },
{ "type": "Feature", "properties": { "fid": 104, "full_id": "n12115419835", "osm_id": "12115419835", "osm_type": "node", "railway": "station", "name:ta": null, "internet_access:ssid": null, "addr:place:ur": null, "addr:place:ar": null, "addr:place": null, "addr:city:ur": null, "addr:city:ar": null, "toilets": null, "internet_access:fee": null, "shelter": null, "lit": null, "website": null, "layer": null, "public_transport:version": null, "name:kn": null, "alt_name": null, "IR:zone": null, "name:hi": null, "toilets:wheelchair": null, "addr:street": null, "addr:postcode": null, "addr:district": null, "addr:city": null, "disused:railway": null, "subway": null, "station": null, "disused": null, "construction": null, "name:ml": null, "historic": null, "name:ar": null, "alt_name:ur": null, "wheelchair": null, "name:fa": null, "wikipedia": null, "wikidata": null, "train": "yes", "ref": null, "public_transport": "station", "platforms": null, "operator": "South Central Railway", "network": null, "name:ur": null, "name:te": null, "name": "Ammuguda", "internet_access": null }, "geometry": { "type": "Point", "coordinates": [ 78.5236929, 17.4888436 ] } },
{ "type": "Feature", "properties": { "fid": 105, "full_id": "n12115419916", "osm_id": "12115419916", "osm_type": "node", "railway": "station", "name:ta": null, "internet_access:ssid": null, "addr:place:ur": null, "addr:place:ar": null, "addr:place": null, "addr:city:ur": null, "addr:city:ar": null, "toilets": null, "internet_access:fee": null, "shelter": null, "lit": null, "website": null, "layer": null, "public_transport:version": null, "name:kn": null, "alt_name": null, "IR:zone": null, "name:hi": null, "toilets:wheelchair": null, "addr:street": null, "addr:postcode": null, "addr:district": null, "addr:city": null, "disused:railway": null, "subway": null, "station": null, "disused": null, "construction": null, "name:ml": null, "historic": null, "name:ar": null, "alt_name:ur": null, "wheelchair": null, "name:fa": null, "wikipedia": null, "wikidata": null, "train": null, "ref": null, "public_transport": "station", "platforms": null, "operator": "South Central Railway", "network": null, "name:ur": null, "name:te": null, "name": "Neredmet", "internet_access": null }, "geometry": { "type": "Point", "coordinates": [ 78.5366716, 17.4781112 ] } },
{ "type": "Feature", "properties": { "fid": 106, "full_id": "n12115521168", "osm_id": "12115521168", "osm_type": "node", "railway": "station", "name:ta": null, "internet_access:ssid": null, "addr:place:ur": null, "addr:place:ar": null, "addr:place": null, "addr:city:ur": null, "addr:city:ar": null, "toilets": null, "internet_access:fee": null, "shelter": null, "lit": null, "website": null, "layer": null, "public_transport:version": null, "name:kn": null, "alt_name": null, "IR:zone": null, "name:hi": null, "toilets:wheelchair": null, "addr:street": null, "addr:postcode": null, "addr:district": null, "addr:city": null, "disused:railway": null, "subway": null, "station": null, "disused": null, "construction": null, "name:ml": null, "historic": null, "name:ar": null, "alt_name:ur": null, "wheelchair": null, "name:fa": null, "wikipedia": null, "wikidata": null, "train": null, "ref": null, "public_transport": "station", "platforms": null, "operator": "South Central Railway", "network": null, "name:ur": "فیروز گوڈا", "name:te": null, "name": "Ferozguda", "internet_access": null }, "geometry": { "type": "Point", "coordinates": [ 78.4603057, 17.4648917 ] } },
{ "type": "Feature", "properties": { "fid": 107, "full_id": "n12115521192", "osm_id": "12115521192", "osm_type": "node", "railway": "station", "name:ta": null, "internet_access:ssid": null, "addr:place:ur": null, "addr:place:ar": null, "addr:place": null, "addr:city:ur": null, "addr:city:ar": null, "toilets": null, "internet_access:fee": null, "shelter": null, "lit": null, "website": null, "layer": null, "public_transport:version": null, "name:kn": null, "alt_name": null, "IR:zone": null, "name:hi": null, "toilets:wheelchair": null, "addr:street": null, "addr:postcode": null, "addr:district": null, "addr:city": null, "disused:railway": null, "subway": null, "station": null, "disused": null, "construction": null, "name:ml": null, "historic": null, "name:ar": null, "alt_name:ur": null, "wheelchair": null, "name:fa": null, "wikipedia": null, "wikidata": null, "train": null, "ref": "SACH", "public_transport": "station", "platforms": null, "operator": "South Central Railway", "network": null, "name:ur": null, "name:te": null, "name": "Suchitra Centre", "internet_access": null }, "geometry": { "type": "Point", "coordinates": [ 78.4729062, 17.4892259 ] } },
{ "type": "Feature", "properties": { "fid": 108, "full_id": "n12231561141", "osm_id": "12231561141", "osm_type": "node", "railway": "station", "name:ta": null, "internet_access:ssid": null, "addr:place:ur": null, "addr:place:ar": null, "addr:place": null, "addr:city:ur": null, "addr:city:ar": null, "toilets": null, "internet_access:fee": null, "shelter": null, "lit": null, "website": null, "layer": null, "public_transport:version": null, "name:kn": null, "alt_name": null, "IR:zone": null, "name:hi": null, "toilets:wheelchair": null, "addr:street": null, "addr:postcode": null, "addr:district": null, "addr:city": null, "disused:railway": null, "subway": null, "station": null, "disused": null, "construction": null, "name:ml": null, "historic": null, "name:ar": null, "alt_name:ur": null, "wheelchair": null, "name:fa": null, "wikipedia": "en:Sanjeevaiah Park railway station", "wikidata": "Q7418525", "train": "yes", "ref": "SJVP", "public_transport": "station", "platforms": "2", "operator": "South Central Railway", "network": "Indian Railways", "name:ur": "سنجیویا پارک", "name:te": "సంజీవయ్య పార్క్", "name": "Sanjeevaiah Park", "internet_access": "no" }, "geometry": { "type": "Point", "coordinates": [ 78.4764022, 17.4356998 ] } },
{ "type": "Feature", "properties": { "fid": 109, "full_id": "n12565833060", "osm_id": "12565833060", "osm_type": "node", "railway": "station", "name:ta": null, "internet_access:ssid": null, "addr:place:ur": null, "addr:place:ar": null, "addr:place": null, "addr:city:ur": null, "addr:city:ar": null, "toilets": null, "internet_access:fee": null, "shelter": null, "lit": null, "website": null, "layer": null, "public_transport:version": null, "name:kn": null, "alt_name": null, "IR:zone": null, "name:hi": null, "toilets:wheelchair": null, "addr:street": "Hyderabad", "addr:postcode": "500065", "addr:district": null, "addr:city": null, "disused:railway": null, "subway": null, "station": null, "disused": null, "construction": null, "name:ml": null, "historic": null, "name:ar": null, "alt_name:ur": null, "wheelchair": null, "name:fa": null, "wikipedia": null, "wikidata": null, "train": "yes", "ref": null, "public_transport": "station", "platforms": null, "operator": "State Govt", "network": "Hydeabad Metro Rail", "name:ur": null, "name:te": null, "name": "Shah Ali Banda Metro Station", "internet_access": null }, "geometry": { "type": "Point", "coordinates": [ 78.4728875, 17.3539755 ] } },
{ "type": "Feature", "properties": { "fid": 110, "full_id": "n12596333395", "osm_id": "12596333395", "osm_type": "node", "railway": "station", "name:ta": null, "internet_access:ssid": null, "addr:place:ur": null, "addr:place:ar": null, "addr:place": null, "addr:city:ur": null, "addr:city:ar": null, "toilets": null, "internet_access:fee": null, "shelter": null, "lit": null, "website": null, "layer": null, "public_transport:version": null, "name:kn": null, "alt_name": null, "IR:zone": null, "name:hi": null, "toilets:wheelchair": null, "addr:street": null, "addr:postcode": null, "addr:district": null, "addr:city": null, "disused:railway": null, "subway": "yes", "station": "subway", "disused": null, "construction": null, "name:ml": null, "historic": null, "name:ar": null, "alt_name:ur": null, "wheelchair": null, "name:fa": null, "wikipedia": null, "wikidata": null, "train": null, "ref": null, "public_transport": "station", "platforms": null, "operator": null, "network": null, "name:ur": null, "name:te": null, "name": "miyapur metro", "internet_access": null }, "geometry": { "type": "Point", "coordinates": [ 78.3727487, 17.4963825 ] } },
{ "type": "Feature", "properties": { "fid": 111, "full_id": "n12596336335", "osm_id": "12596336335", "osm_type": "node", "railway": "station", "name:ta": null, "internet_access:ssid": null, "addr:place:ur": null, "addr:place:ar": null, "addr:place": null, "addr:city:ur": null, "addr:city:ar": null, "toilets": null, "internet_access:fee": null, "shelter": null, "lit": null, "website": null, "layer": null, "public_transport:version": null, "name:kn": null, "alt_name": null, "IR:zone": null, "name:hi": null, "toilets:wheelchair": null, "addr:street": null, "addr:postcode": null, "addr:district": null, "addr:city": null, "disused:railway": null, "subway": "yes", "station": "subway", "disused": null, "construction": null, "name:ml": null, "historic": null, "name:ar": null, "alt_name:ur": null, "wheelchair": null, "name:fa": null, "wikipedia": null, "wikidata": null, "train": null, "ref": null, "public_transport": "station", "platforms": null, "operator": null, "network": null, "name:ur": null, "name:te": null, "name": "Kukatpally Metro", "internet_access": null }, "geometry": { "type": "Point", "coordinates": [ 78.4115793, 17.4852053 ] } },
{ "type": "Feature", "properties": { "fid": 112, "full_id": "n12596350332", "osm_id": "12596350332", "osm_type": "node", "railway": "station", "name:ta": null, "internet_access:ssid": null, "addr:place:ur": null, "addr:place:ar": null, "addr:place": null, "addr:city:ur": null, "addr:city:ar": null, "toilets": null, "internet_access:fee": null, "shelter": null, "lit": null, "website": null, "layer": null, "public_transport:version": null, "name:kn": null, "alt_name": null, "IR:zone": null, "name:hi": null, "toilets:wheelchair": null, "addr:street": null, "addr:postcode": null, "addr:district": null, "addr:city": null, "disused:railway": null, "subway": "yes", "station": "subway", "disused": null, "construction": null, "name:ml": null, "historic": null, "name:ar": null, "alt_name:ur": null, "wheelchair": null, "name:fa": null, "wikipedia": null, "wikidata": null, "train": null, "ref": null, "public_transport": "station", "platforms": null, "operator": null, "network": null, "name:ur": "بالا نگر", "name:te": null, "name": "Balanagar Metro", "internet_access": null }, "geometry": { "type": "Point", "coordinates": [ 78.4219076, 17.4768693 ] } }
]
}
